Date,Open,High,Low,Close,Volume
2016.10.19 21:30,63.84,63.89,63.80,63.85,80
2016.10.19 21:45,63.84,63.95,63.83,63.90,50
2016.10.19 22:00,63.91,64.00,63.91,63.95,53
2016.10.19 22:15,63.96,64.07,63.96,64.05,62
2016.10.19 22:30,64.04,64.04,63.90,63.90,41
2016.10.19 22:45,63.89,63.95,63.80,63.83,125
2016.10.20 16:30,63.61,63.63,61.98,62.27,589
2016.10.20 16:45,62.28,62.91,62.28,62.65,205
2016.10.20 17:00,62.66,62.77,62.46,62.46,221
2016.10.20 17:15,62.41,62.54,62.18,62.28,219
2016.10.20 17:30,62.28,62.36,61.88,62.11,323
2016.10.20 17:45,62.11,62.38,62.02,62.30,248
2016.10.20 18:00,62.29,62.30,62.08,62.25,166
2016.10.20 18:15,62.24,62.45,62.20,62.33,140
2016.10.20 18:30,62.34,62.56,62.34,62.51,155
2016.10.20 18:45,62.51,62.62,62.38,62.57,150
2016.10.20 19:00,62.56,62.75,62.45,62.62,218
2016.10.20 19:15,62.63,62.68,62.52,62.54,105
2016.10.20 19:30,62.53,62.62,62.47,62.62,153
2016.10.20 19:45,62.63,62.65,62.45,62.47,67
2016.10.20 20:00,62.47,62.56,62.41,62.51,103
2016.10.20 20:15,62.52,62.64,62.47,62.56,110
2016.10.20 20:30,62.55,62.56,62.40,62.40,61
2016.10.20 20:45,62.41,62.43,62.09,62.10,118
2016.10.20 21:00,62.11,62.26,62.11,62.13,75
2016.10.20 21:15,62.12,62.14,62.03,62.07,69
2016.10.20 21:30,62.06,62.15,62.03,62.08,54
2016.10.20 21:45,62.08,62.20,62.03,62.11,97
2016.10.20 22:00,62.12,62.16,62.06,62.12,66
2016.10.20 22:15,62.11,62.11,61.89,61.90,68
2016.10.20 22:30,61.90,62.02,61.90,61.98,73
2016.10.20 22:45,61.99,62.08,61.93,61.99,170
2016.10.21 16:30,61.80,62.27,61.77,62.10,219
2016.10.21 16:45,62.09,62.43,62.03,62.33,221
2016.10.21 17:00,62.32,62.33,62.05,62.10,165
2016.10.21 17:15,62.11,62.29,62.05,62.15,135
2016.10.21 17:30,62.16,62.29,62.13,62.14,117
2016.10.21 17:45,62.13,62.42,62.13,62.34,142
2016.10.21 18:00,62.35,63.44,62.26,63.42,595
2016.10.21 18:15,63.42,63.59,63.16,63.27,279
2016.10.21 18:30,63.23,63.64,63.16,63.53,180
2016.10.21 18:45,63.54,63.61,63.40,63.44,155
2016.10.21 19:00,63.45,63.47,63.17,63.18,131
2016.10.21 19:15,63.16,63.28,63.07,63.20,126
2016.10.21 19:30,63.21,63.28,63.13,63.15,68
2016.10.21 19:45,63.14,63.16,62.96,63.03,79
2016.10.21 20:00,63.04,63.35,62.98,63.34,123
2016.10.21 20:15,63.33,63.37,63.22,63.25,97
2016.10.21 20:30,63.21,63.22,62.97,63.02,126
2016.10.21 20:45,63.01,63.04,62.92,62.96,136
2016.10.21 21:00,62.95,63.01,62.92,62.92,71
2016.10.21 21:15,62.93,63.01,62.87,62.92,48
2016.10.21 21:30,62.94,62.99,62.90,62.92,61
2016.10.21 21:45,62.92,62.92,62.77,62.82,59
2016.10.21 22:00,62.83,62.86,62.80,62.83,50
2016.10.21 22:15,62.82,62.99,62.77,62.93,131
2016.10.21 22:30,62.92,62.92,62.70,62.83,56
2016.10.21 22:45,62.82,62.95,62.77,62.91,99
2016.10.24 16:30,63.35,63.67,63.27,63.44,232
2016.10.24 16:45,63.44,63.83,63.42,63.83,148
2016.10.24 17:00,63.83,63.90,63.74,63.77,114
2016.10.24 17:15,63.78,63.91,63.74,63.82,130
2016.10.24 17:30,63.81,63.81,63.48,63.49,131
2016.10.24 17:45,63.49,63.55,63.34,63.51,135
2016.10.24 18:00,63.52,63.68,63.49,63.64,81
2016.10.24 18:15,63.63,63.70,63.49,63.51,50
2016.10.24 18:30,63.52,63.54,63.37,63.46,48
2016.10.24 18:45,63.47,63.63,63.47,63.62,64
2016.10.24 19:00,63.62,63.64,63.52,63.64,60
2016.10.24 19:15,63.65,63.67,63.46,63.49,75
2016.10.24 19:30,63.50,63.59,63.47,63.57,53
2016.10.24 19:45,63.58,63.65,63.57,63.59,34
2016.10.24 20:00,63.58,63.66,63.58,63.61,43
2016.10.24 20:15,63.60,63.62,63.55,63.61,24
2016.10.24 20:30,63.62,63.62,63.56,63.61,49
2016.10.24 20:45,63.61,63.73,63.59,63.73,36
2016.10.24 21:00,63.74,63.77,63.66,63.68,57
2016.10.24 21:15,63.67,63.76,63.67,63.69,34
2016.10.24 21:30,63.69,63.72,63.68,63.68,30
2016.10.24 21:45,63.69,63.73,63.67,63.73,49
2016.10.24 22:00,63.72,63.77,63.70,63.71,44
2016.10.24 22:15,63.72,63.75,63.61,63.68,42
2016.10.24 22:30,63.67,63.67,63.56,63.60,40
2016.10.24 22:45,63.61,63.81,63.61,63.77,82
2016.10.25 16:30,63.73,63.97,63.51,63.97,179
2016.10.25 16:45,63.97,64.10,63.94,64.09,92
2016.10.25 17:00,64.08,64.23,63.94,63.99,195
2016.10.25 17:15,63.99,64.03,63.67,63.79,101
2016.10.25 17:30,63.79,63.79,63.60,63.61,104
2016.10.25 17:45,63.62,63.62,63.51,63.62,56
2016.10.25 18:00,63.61,63.63,63.47,63.49,62
2016.10.25 18:15,63.48,63.58,63.46,63.52,56
2016.10.25 18:30,63.52,63.52,63.27,63.27,64
2016.10.25 18:45,63.26,63.40,63.22,63.30,52
2016.10.25 19:00,63.29,63.39,63.23,63.25,55
2016.10.25 19:15,63.23,63.24,63.08,63.12,76
2016.10.25 19:30,63.10,63.28,63.09,63.26,54
2016.10.25 19:45,63.27,63.37,63.27,63.37,35
2016.10.25 20:00,63.37,63.37,63.28,63.30,55
2016.10.25 20:15,63.30,63.37,63.29,63.35,33
2016.10.25 20:30,63.34,63.42,63.32,63.39,33
2016.10.25 20:45,63.38,63.45,63.38,63.41,34
2016.10.25 21:00,63.42,63.69,63.42,63.66,70
2016.10.25 21:15,63.65,63.67,63.54,63.63,47
2016.10.25 21:30,63.62,63.62,63.54,63.59,67
2016.10.25 21:45,63.58,63.58,63.51,63.52,33
2016.10.25 22:00,63.53,63.55,63.46,63.48,43
2016.10.25 22:15,63.47,63.59,63.46,63.55,50
2016.10.25 22:30,63.54,63.56,63.49,63.50,37
2016.10.25 22:45,63.49,63.52,63.47,63.48,70
2016.10.26 16:30,63.44,63.44,63.12,63.24,155
2016.10.26 16:45,63.24,63.25,62.89,62.95,143
2016.10.26 17:00,62.96,62.98,62.61,62.62,150
2016.10.26 17:15,62.64,62.65,62.21,62.33,178
2016.10.26 17:30,62.33,62.54,62.30,62.46,144
2016.10.26 17:45,62.47,62.55,62.37,62.54,109
2016.10.26 18:00,62.52,62.60,62.49,62.57,131
2016.10.26 18:15,62.57,62.59,62.36,62.39,69
2016.10.26 18:30,62.40,62.41,62.00,62.03,107
2016.10.26 18:45,62.04,62.04,61.75,61.85,184
2016.10.26 19:00,61.84,62.01,61.81,62.01,63
2016.10.26 19:15,62.00,62.01,61.71,61.72,75
2016.10.26 19:30,61.72,61.74,61.63,61.69,59
2016.10.26 19:45,61.70,61.75,61.54,61.56,66
2016.10.26 20:00,61.57,61.62,61.49,61.49,72
2016.10.26 20:15,61.50,61.68,61.49,61.67,54
2016.10.26 20:30,61.66,61.79,61.64,61.65,75
2016.10.26 20:45,61.64,61.73,61.60,61.67,70
2016.10.26 21:00,61.66,61.72,61.54,61.72,64
2016.10.26 21:15,61.71,61.77,61.69,61.73,35
2016.10.26 21:30,61.72,62.00,61.72,61.99,89
2016.10.26 21:45,61.98,61.99,61.81,61.88,137
2016.10.26 22:00,61.88,61.88,61.69,61.70,75
2016.10.26 22:15,61.69,61.81,61.68,61.76,68
2016.10.26 22:30,61.75,61.78,61.69,61.71,63
2016.10.26 22:45,61.74,61.81,61.66,61.70,108
2016.10.27 16:30,61.84,62.05,61.80,61.92,171
2016.10.27 16:45,61.98,62.34,61.95,62.33,147
2016.10.27 17:00,62.35,62.50,61.89,61.92,175
2016.10.27 17:15,61.90,61.91,61.65,61.84,136
2016.10.27 17:30,61.84,61.86,61.37,61.57,162
2016.10.27 17:45,61.58,61.66,61.54,61.57,107
2016.10.27 18:00,61.58,61.68,61.49,61.49,103
2016.10.27 18:15,61.47,61.56,61.23,61.46,102
2016.10.27 18:30,61.47,61.57,61.37,61.57,140
2016.10.27 18:45,61.58,61.62,61.43,61.50,124
2016.10.27 19:00,61.51,61.56,61.49,61.51,80
2016.10.27 19:15,61.52,61.55,61.40,61.43,86
2016.10.27 19:30,61.44,61.44,61.32,61.41,108
2016.10.27 19:45,61.42,61.59,61.40,61.56,70
2016.10.27 20:00,61.57,61.57,61.44,61.48,71
2016.10.27 20:15,61.49,61.59,61.49,61.56,68
2016.10.27 20:30,61.55,61.63,61.44,61.57,105
2016.10.27 20:45,61.56,61.64,61.52,61.59,96
2016.10.27 21:00,61.60,61.73,61.59,61.68,100
2016.10.27 21:15,61.69,61.69,61.46,61.46,68
2016.10.27 21:30,61.44,61.45,61.28,61.31,68
2016.10.27 21:45,61.32,61.32,61.24,61.29,72
2016.10.27 22:00,61.30,61.39,61.29,61.37,68
2016.10.27 22:15,61.36,61.38,61.28,61.38,87
2016.10.27 22:30,61.37,61.57,61.36,61.55,88
2016.10.27 22:45,61.56,61.83,61.51,61.80,120
2016.10.28 16:30,62.16,62.31,61.82,62.31,194
2016.10.28 16:45,62.31,62.61,62.17,62.61,257
2016.10.28 17:00,62.63,62.76,62.34,62.60,264
2016.10.28 17:15,62.61,63.00,62.45,62.98,209
2016.10.28 17:30,62.99,63.57,62.99,63.49,259
2016.10.28 17:45,63.49,63.62,63.40,63.55,152
2016.10.28 18:00,63.55,63.96,63.55,63.91,165
2016.10.28 18:15,63.86,63.88,63.45,63.56,117
2016.10.28 18:30,63.56,63.74,63.33,63.71,169
2016.10.28 18:45,63.71,63.82,63.62,63.77,90
2016.10.28 19:00,63.76,63.93,63.73,63.88,107
2016.10.28 19:15,63.87,64.23,63.85,64.19,132
2016.10.28 19:30,64.22,64.59,64.17,64.58,142
2016.10.28 19:45,64.59,64.83,64.57,64.79,230
2016.10.28 20:00,64.79,64.79,64.23,64.47,358
2016.10.28 20:15,64.46,64.75,64.38,64.62,181
2016.10.28 20:30,64.62,64.72,64.50,64.60,196
2016.10.28 20:45,64.60,64.63,64.20,64.24,240
2016.10.28 21:00,64.25,64.34,64.02,64.21,271
2016.10.28 21:15,64.20,64.28,64.11,64.19,215
2016.10.28 21:30,64.18,64.27,63.98,64.01,196
2016.10.28 21:45,64.03,64.19,63.95,64.17,209
2016.10.28 22:00,64.16,64.35,64.15,64.20,170
2016.10.28 22:15,64.19,64.44,64.13,64.39,175
2016.10.28 22:30,64.40,64.45,64.23,64.30,180
2016.10.28 22:45,64.31,64.33,64.15,64.29,232
2016.10.31 15:30,63.99,64.55,63.99,64.33,206
2016.10.31 15:45,64.34,64.44,64.00,64.07,192
2016.10.31 16:00,64.10,64.31,64.04,64.28,184
2016.10.31 16:15,64.28,64.39,64.19,64.37,106
2016.10.31 16:30,64.36,64.40,64.09,64.09,121
2016.10.31 16:45,64.10,64.35,64.10,64.24,138
2016.10.31 17:00,64.25,64.43,64.21,64.38,141
2016.10.31 17:15,64.38,64.60,64.34,64.59,92
2016.10.31 17:30,64.61,64.68,64.50,64.68,108
2016.10.31 17:45,64.69,64.71,64.59,64.62,86
2016.10.31 18:00,64.62,64.72,64.55,64.58,113
2016.10.31 18:15,64.59,64.63,64.50,64.57,58
2016.10.31 18:30,64.57,64.57,64.41,64.49,82
2016.10.31 18:45,64.50,64.50,64.38,64.39,50
2016.10.31 19:00,64.40,64.51,64.36,64.42,75
2016.10.31 19:15,64.41,64.41,64.18,64.22,93
2016.10.31 19:30,64.22,64.30,64.19,64.24,66
2016.10.31 19:45,64.24,64.32,64.16,64.20,75
2016.10.31 20:00,64.21,64.39,64.21,64.38,53
2016.10.31 20:15,64.39,64.57,64.38,64.46,101
2016.10.31 20:30,64.46,64.57,64.43,64.53,94
2016.10.31 20:45,64.54,64.61,64.53,64.56,75
2016.10.31 21:00,64.55,64.65,64.46,64.62,92
2016.10.31 21:15,64.61,64.70,64.59,64.69,84
2016.10.31 21:30,64.70,64.71,64.47,64.55,83
2016.10.31 21:45,64.56,64.57,64.42,64.44,135
2016.11.01 15:30,64.06,64.48,64.01,64.37,192
2016.11.01 15:45,64.36,64.36,64.05,64.11,166
2016.11.01 16:00,64.14,64.19,63.93,64.02,167
2016.11.01 16:15,64.01,64.20,63.99,64.20,119
2016.11.01 16:30,64.20,64.20,63.83,63.86,151
2016.11.01 16:45,63.84,63.98,63.81,63.92,56
2016.11.01 17:00,63.93,64.04,63.91,64.02,106
2016.11.01 17:15,64.01,64.02,63.89,63.90,93
2016.11.01 17:30,63.90,63.95,63.76,63.95,117
2016.11.01 17:45,63.93,63.94,63.84,63.87,103
2016.11.01 18:00,63.88,63.89,63.81,63.84,97
2016.11.01 18:15,63.81,63.89,63.81,63.81,112
2016.11.01 18:30,63.82,63.91,63.79,63.80,73
2016.11.01 18:45,63.80,63.84,63.77,63.79,70
2016.11.01 19:00,63.80,63.90,63.78,63.88,76
2016.11.01 19:15,63.87,63.87,63.60,63.72,146
2016.11.01 19:30,63.73,63.73,63.28,63.31,158
2016.11.01 19:45,63.34,63.39,63.25,63.34,121
2016.11.01 20:00,63.33,63.33,63.09,63.09,123
2016.11.01 20:15,63.08,63.44,62.92,63.44,251
2016.11.01 20:30,63.45,63.59,63.42,63.48,159
2016.11.01 20:45,63.48,63.48,63.32,63.32,102
2016.11.01 21:00,63.31,63.32,63.21,63.21,148
2016.11.01 21:15,63.20,63.38,63.15,63.29,133
2016.11.01 21:30,63.29,63.36,63.21,63.24,163
2016.11.01 21:45,63.25,63.46,63.25,63.42,206
2016.11.02 15:30,63.23,63.23,62.89,63.02,160
2016.11.02 15:45,63.03,63.62,63.02,63.58,163
2016.11.02 16:00,63.60,63.60,63.00,63.02,246
2016.11.02 16:15,63.03,63.07,62.87,62.96,247
2016.11.02 16:30,62.96,62.98,62.79,62.88,217
2016.11.02 16:45,62.87,62.88,62.56,62.59,200
2016.11.02 17:00,62.60,62.83,62.59,62.82,130
2016.11.02 17:15,62.81,62.95,62.73,62.77,116
2016.11.02 17:30,62.77,62.77,62.50,62.56,129
2016.11.02 17:45,62.57,62.60,62.40,62.42,112
2016.11.02 18:00,62.42,62.42,62.19,62.31,146
2016.11.02 18:15,62.30,62.41,62.25,62.39,119
2016.11.02 18:30,62.37,62.37,62.20,62.26,111
2016.11.02 18:45,62.25,62.25,62.09,62.17,112
2016.11.02 19:00,62.18,62.22,61.92,61.98,171
2016.11.02 19:15,61.99,61.99,61.75,61.85,170
2016.11.02 19:30,61.86,61.99,61.77,61.78,117
2016.11.02 19:45,61.80,61.88,61.72,61.83,87
2016.11.02 20:00,61.84,61.93,61.49,61.85,339
2016.11.02 20:15,61.84,62.04,61.64,61.94,343
2016.11.02 20:30,61.94,62.05,61.85,61.91,143
2016.11.02 20:45,61.92,61.99,61.68,61.86,240
2016.11.02 21:00,61.86,61.89,61.68,61.71,175
2016.11.02 21:15,61.72,61.81,61.62,61.77,132
2016.11.02 21:30,61.78,61.78,61.61,61.69,129
2016.11.02 21:45,61.68,61.71,61.56,61.59,230
2016.11.03 15:30,61.47,62.46,61.38,62.40,288
2016.11.03 15:45,62.41,62.93,62.38,62.58,359
2016.11.03 16:00,62.60,62.74,62.46,62.69,420
2016.11.03 16:15,62.69,62.84,62.44,62.73,313
2016.11.03 16:30,62.73,62.81,62.66,62.72,274
2016.11.03 16:45,62.71,62.85,62.65,62.74,270
2016.11.03 17:00,62.75,62.95,62.62,62.90,220
2016.11.03 17:15,62.92,62.94,62.75,62.90,161
2016.11.03 17:30,62.89,63.21,62.89,63.08,141
2016.11.03 17:45,63.06,63.17,62.81,62.88,184
2016.11.03 18:00,62.84,62.86,62.59,62.75,286
2016.11.03 18:15,62.74,62.81,62.66,62.72,190
2016.11.03 18:30,62.73,62.82,62.62,62.64,190
2016.11.03 18:45,62.64,62.78,62.58,62.73,132
2016.11.03 19:00,62.73,62.78,62.65,62.71,178
2016.11.03 19:15,62.70,62.79,62.69,62.75,154
2016.11.03 19:30,62.74,62.78,62.64,62.64,155
2016.11.03 19:45,62.64,62.76,62.61,62.68,173
2016.11.03 20:00,62.68,62.82,62.61,62.72,191
2016.11.03 20:15,62.72,62.81,62.65,62.76,219
2016.11.03 20:30,62.75,62.77,62.68,62.70,201
2016.11.03 20:45,62.69,62.78,62.62,62.77,205
2016.11.03 21:00,62.76,62.79,62.69,62.76,94
2016.11.03 21:15,62.75,62.83,62.71,62.75,138
2016.11.03 21:30,62.74,62.78,62.51,62.54,116
2016.11.03 21:45,62.53,62.73,62.52,62.69,185
2016.11.04 15:30,62.41,63.22,62.39,62.77,178
2016.11.04 15:45,62.78,62.92,62.49,62.67,210
2016.11.04 16:00,62.67,63.30,62.67,63.21,227
2016.11.04 16:15,63.22,63.42,63.14,63.30,148
2016.11.04 16:30,63.30,63.46,63.20,63.33,160
2016.11.04 16:45,63.33,63.42,63.20,63.23,120
2016.11.04 17:00,63.23,63.55,63.20,63.55,141
2016.11.04 17:15,63.55,63.63,63.43,63.57,114
2016.11.04 17:30,63.57,63.57,63.43,63.48,125
2016.11.04 17:45,63.49,63.71,63.49,63.71,87
2016.11.04 18:00,63.70,63.74,63.63,63.74,96
2016.11.04 18:15,63.74,63.83,63.69,63.73,109
2016.11.04 18:30,63.72,63.79,63.56,63.70,98
2016.11.04 18:45,63.70,63.91,63.68,63.91,97
2016.11.04 19:00,63.90,63.90,63.74,63.82,67
2016.11.04 19:15,63.83,63.92,63.77,63.91,79
2016.11.04 19:30,63.90,63.97,63.84,63.87,70
2016.11.04 19:45,63.88,63.90,63.74,63.86,93
2016.11.04 20:00,63.85,63.92,63.79,63.92,47
2016.11.04 20:15,63.93,64.00,63.82,63.92,109
2016.11.04 20:30,63.93,63.96,63.77,63.90,130
2016.11.04 20:45,63.91,63.95,63.70,63.86,199
2016.11.04 21:00,63.86,63.86,63.50,63.63,151
2016.11.04 21:15,63.64,63.70,63.44,63.44,105
2016.11.04 21:30,63.44,63.46,63.35,63.45,96
2016.11.04 21:45,63.44,63.65,63.43,63.59,244
2016.11.07 16:30,63.51,63.79,63.39,63.72,253
2016.11.07 16:45,63.72,63.74,63.41,63.59,187
2016.11.07 17:00,63.59,63.82,63.57,63.77,227
2016.11.07 17:15,63.77,63.96,63.60,63.77,170
2016.11.07 17:30,63.77,64.02,63.58,63.59,293
2016.11.07 17:45,63.58,63.90,63.58,63.87,234
2016.11.07 18:00,63.88,64.15,63.88,63.99,194
2016.11.07 18:15,64.01,64.03,63.81,63.94,118
2016.11.07 18:30,63.95,64.17,63.95,64.16,113
2016.11.07 18:45,64.17,64.17,63.65,64.17,159
2016.11.07 19:00,64.18,64.27,64.01,64.01,99
2016.11.07 19:15,64.03,64.15,63.84,63.86,126
2016.11.07 19:30,63.87,64.01,63.85,63.93,95
2016.11.07 19:45,63.92,63.92,63.64,63.75,104
2016.11.07 20:00,63.74,63.91,63.58,63.58,111
2016.11.07 20:15,63.59,63.64,63.44,63.60,148
2016.11.07 20:30,63.61,63.72,63.59,63.60,100
2016.11.07 20:45,63.61,63.81,63.61,63.80,100
2016.11.07 21:00,63.79,63.93,63.77,63.86,78
2016.11.07 21:15,63.87,64.08,63.84,63.92,131
2016.11.07 21:30,63.94,63.97,63.76,63.79,105
2016.11.07 21:45,63.78,63.81,63.61,63.72,158
2016.11.07 22:00,63.73,63.79,63.63,63.72,149
2016.11.07 22:15,63.73,63.73,63.52,63.53,128
2016.11.07 22:30,63.52,63.53,63.32,63.44,212
2016.11.07 22:45,63.45,63.51,63.37,63.39,144
2016.11.08 16:30,63.11,63.64,62.99,63.46,371
2016.11.08 16:45,63.46,63.52,63.02,63.09,428
2016.11.08 17:00,63.08,63.17,62.80,63.07,376
2016.11.08 17:15,63.10,63.55,63.07,63.54,440
2016.11.08 17:30,63.53,63.55,63.29,63.40,320
2016.11.08 17:45,63.41,63.80,63.40,63.78,263
2016.11.08 18:00,63.79,63.88,63.68,63.84,303
2016.11.08 18:15,63.84,63.89,63.57,63.57,238
2016.11.08 18:30,63.58,63.68,63.44,63.49,296
2016.11.08 18:45,63.50,63.93,63.47,63.88,379
2016.11.08 19:00,63.89,64.70,63.87,64.69,307
2016.11.08 19:15,64.70,65.02,64.53,64.77,314
2016.11.08 19:30,64.78,65.32,64.78,65.32,181
2016.11.08 19:45,65.31,65.53,65.15,65.45,225
2016.11.08 20:00,65.44,65.45,65.02,65.21,177
2016.11.08 20:15,65.22,65.34,65.08,65.20,142
2016.11.08 20:30,65.19,65.19,64.91,65.08,200
2016.11.08 20:45,65.09,65.13,65.00,65.10,141
2016.11.08 21:00,65.09,65.09,64.39,64.49,382
2016.11.08 21:15,64.48,64.53,64.21,64.24,176
2016.11.08 21:30,64.23,64.26,63.66,63.74,150
2016.11.08 21:45,63.75,63.89,63.64,63.77,174
2016.11.08 22:00,63.78,63.82,63.35,63.51,211
2016.11.08 22:15,63.49,63.55,63.03,63.24,229
2016.11.08 22:30,63.25,63.56,63.23,63.24,275
2016.11.08 22:45,63.23,63.52,62.73,62.83,557
2016.11.09 16:30,54.82,55.81,53.85,54.06,1070
2016.11.09 16:45,54.03,54.04,52.08,53.51,929
2016.11.09 17:00,53.50,53.71,51.92,51.97,816
2016.11.09 17:15,51.96,52.53,51.71,52.24,653
2016.11.09 17:30,52.26,52.50,51.37,51.37,471
2016.11.09 17:45,51.36,52.44,51.18,52.34,539
2016.11.09 18:00,52.35,52.65,52.22,52.53,401
2016.11.09 18:15,52.52,52.54,52.14,52.42,309
2016.11.09 18:30,52.43,53.29,52.25,52.54,509
2016.11.09 18:45,52.52,52.79,52.07,52.14,494
2016.11.09 19:00,52.16,52.41,52.12,52.26,259
2016.11.09 19:15,52.28,52.45,52.18,52.26,161
2016.11.09 19:30,52.25,52.34,52.07,52.21,230
2016.11.09 19:45,52.22,52.34,51.53,51.95,238
2016.11.09 20:00,51.92,52.12,51.79,52.04,193
2016.11.09 20:15,52.03,52.28,51.96,52.17,175
2016.11.09 20:30,52.18,52.35,52.13,52.33,228
2016.11.09 20:45,52.32,52.45,52.01,52.03,101
2016.11.09 21:00,52.02,52.02,51.78,51.83,195
2016.11.09 21:15,51.84,51.88,51.49,51.66,261
2016.11.09 21:30,51.67,51.74,51.25,51.36,254
2016.11.09 21:45,51.37,51.43,51.05,51.13,290
2016.11.09 22:00,51.16,51.56,51.04,51.44,269
2016.11.09 22:15,51.43,51.43,51.00,51.21,299
2016.11.09 22:30,51.20,51.20,50.96,51.05,173
2016.11.09 22:45,51.04,52.55,51.00,52.55,499
2016.11.10 16:30,53.02,53.43,52.95,53.43,449
2016.11.10 16:45,53.42,53.70,53.30,53.30,399
2016.11.10 17:00,53.31,53.32,52.66,52.79,439
2016.11.10 17:15,52.80,52.86,52.04,52.04,435
2016.11.10 17:30,52.04,52.08,50.99,51.00,572
2016.11.10 17:45,50.99,51.38,50.99,51.21,415
2016.11.10 18:00,51.21,51.30,51.02,51.25,318
2016.11.10 18:15,51.26,51.55,51.17,51.43,291
2016.11.10 18:30,51.44,51.59,51.10,51.59,353
2016.11.10 18:45,51.59,52.15,51.59,52.09,419
2016.11.10 19:00,52.08,52.22,51.86,52.20,339
2016.11.10 19:15,52.21,52.22,51.97,52.12,227
2016.11.10 19:30,52.13,52.29,51.92,51.98,205
2016.11.10 19:45,51.99,52.32,51.95,52.25,183
2016.11.10 20:00,52.26,52.41,52.25,52.29,201
2016.11.10 20:15,52.29,52.64,52.27,52.42,205
2016.11.10 20:30,52.43,52.47,52.14,52.45,190
2016.11.10 20:45,52.44,52.67,52.41,52.45,190
2016.11.10 21:00,52.46,52.51,52.37,52.42,133
2016.11.10 21:15,52.41,52.41,52.05,52.34,211
2016.11.10 21:30,52.33,52.33,52.18,52.26,81
2016.11.10 21:45,52.27,52.45,52.27,52.45,87
2016.11.10 22:00,52.48,52.54,52.39,52.53,126
2016.11.10 22:15,52.54,52.67,52.48,52.63,78
2016.11.10 22:30,52.62,52.62,51.89,51.92,196
2016.11.10 22:45,51.93,52.12,51.70,51.72,207
2016.11.11 16:30,51.70,51.78,50.87,51.18,422
2016.11.11 16:45,51.18,51.35,50.58,50.73,501
2016.11.11 17:00,50.73,51.67,50.71,51.63,485
2016.11.11 17:15,51.63,51.76,51.09,51.13,380
2016.11.11 17:30,51.14,51.29,50.93,51.27,281
2016.11.11 17:45,51.28,51.33,50.92,51.19,245
2016.11.11 18:00,51.20,51.33,50.95,51.04,270
2016.11.11 18:15,51.04,51.06,50.81,50.82,264
2016.11.11 18:30,50.86,50.99,50.75,50.81,220
2016.11.11 18:45,50.81,51.13,50.75,51.08,184
2016.11.11 19:00,51.09,51.36,51.05,51.36,232
2016.11.11 19:15,51.37,51.44,51.23,51.33,139
2016.11.11 19:30,51.34,51.60,51.30,51.50,173
2016.11.11 19:45,51.49,51.56,51.17,51.21,135
2016.11.11 20:00,51.20,51.44,51.12,51.37,138
2016.11.11 20:15,51.34,51.46,51.23,51.34,173
2016.11.11 20:30,51.35,51.44,51.27,51.36,183
2016.11.11 20:45,51.35,51.35,51.17,51.18,129
2016.11.11 21:00,51.19,51.22,51.00,51.19,147
2016.11.11 21:15,51.18,51.18,51.04,51.05,113
2016.11.11 21:30,51.04,51.09,50.72,50.82,123
2016.11.11 21:45,50.83,50.93,50.74,50.76,121
2016.11.11 22:00,50.77,50.99,50.77,50.97,113
2016.11.11 22:15,50.98,50.98,50.82,50.86,105
2016.11.11 22:30,50.87,50.97,50.81,50.90,144
2016.11.11 22:45,50.91,51.02,50.87,50.95,211
2016.11.14 16:30,51.05,51.05,50.51,50.74,454
2016.11.14 16:45,50.74,50.82,50.25,50.25,402
2016.11.14 17:00,50.25,50.56,50.14,50.33,406
2016.11.14 17:15,50.34,50.60,50.27,50.43,435
2016.11.14 17:30,50.44,50.49,50.17,50.27,304
2016.11.14 17:45,50.26,50.35,50.09,50.13,237
2016.11.14 18:00,50.12,50.12,49.71,49.83,252
2016.11.14 18:15,49.84,49.95,49.53,49.53,152
2016.11.14 18:30,49.52,49.78,49.41,49.78,182
2016.11.14 18:45,49.77,49.77,49.25,49.33,222
2016.11.14 19:00,49.35,49.39,48.91,49.06,198
2016.11.14 19:15,49.05,49.06,48.66,48.66,172
2016.11.14 19:30,48.65,48.81,48.50,48.71,231
2016.11.14 19:45,48.72,48.98,48.67,48.95,183
2016.11.14 20:00,48.97,49.06,48.86,49.06,164
2016.11.14 20:15,49.07,49.37,49.06,49.32,220
2016.11.14 20:30,49.30,49.48,49.05,49.09,257
2016.11.14 20:45,49.10,49.10,48.74,48.80,195
2016.11.14 21:00,48.79,48.91,48.69,48.88,214
2016.11.14 21:15,48.87,49.25,48.85,49.22,186
2016.11.14 21:30,49.21,49.24,48.91,49.00,218
2016.11.14 21:45,48.97,49.09,48.94,49.04,183
2016.11.14 22:00,49.05,49.05,48.91,48.95,123
2016.11.14 22:15,48.96,48.98,48.78,48.78,109
2016.11.14 22:30,48.79,48.84,48.62,48.62,140
2016.11.14 22:45,48.61,48.77,48.55,48.74,269
2016.11.15 16:30,49.48,50.20,49.36,49.86,770
2016.11.15 16:45,49.86,50.33,49.76,50.19,578
2016.11.15 17:00,50.19,50.50,49.99,49.99,360
2016.11.15 17:15,50.00,50.14,49.88,49.90,217
2016.11.15 17:30,49.91,49.91,49.69,49.79,187
2016.11.15 17:45,49.76,49.86,49.65,49.72,188
2016.11.15 18:00,49.71,49.90,49.64,49.65,189
2016.11.15 18:15,49.64,49.73,49.49,49.56,199
2016.11.15 18:30,49.55,49.72,49.52,49.72,164
2016.11.15 18:45,49.71,49.80,49.65,49.78,142
2016.11.15 19:00,49.77,49.84,49.65,49.75,119
2016.11.15 19:15,49.76,49.82,49.64,49.68,158
2016.11.15 19:30,49.69,49.81,49.58,49.60,132
2016.11.15 19:45,49.61,49.76,49.61,49.72,129
2016.11.15 20:00,49.71,49.84,49.70,49.81,95
2016.11.15 20:15,49.82,50.00,49.82,49.83,111
2016.11.15 20:30,49.82,50.01,49.81,49.99,186
2016.11.15 20:45,50.01,50.09,49.97,50.04,118
2016.11.15 21:00,50.05,50.33,50.05,50.30,175
2016.11.15 21:15,50.29,50.41,50.19,50.40,152
2016.11.15 21:30,50.39,50.42,50.18,50.24,162
2016.11.15 21:45,50.25,50.29,50.18,50.18,128
2016.11.15 22:00,50.19,50.19,49.96,50.04,133
2016.11.15 22:15,50.03,50.07,49.91,50.02,111
2016.11.15 22:30,50.03,50.15,49.96,50.06,106
2016.11.15 22:45,50.05,50.12,49.92,49.98,160
2016.11.16 16:30,49.92,50.38,49.69,50.25,287
2016.11.16 16:45,50.25,50.34,49.73,49.78,285
2016.11.16 17:00,49.79,50.29,49.73,50.27,284
2016.11.16 17:15,50.27,50.79,50.19,50.68,314
2016.11.16 17:30,50.69,51.16,50.69,50.77,373
2016.11.16 17:45,50.76,50.95,50.24,50.35,276
2016.11.16 18:00,50.36,50.57,50.28,50.53,168
2016.11.16 18:15,50.52,50.53,50.35,50.45,133
2016.11.16 18:30,50.44,50.66,50.36,50.36,150
2016.11.16 18:45,50.36,50.46,50.25,50.31,137
2016.11.16 19:00,50.32,50.42,50.27,50.39,66
2016.11.16 19:15,50.39,50.39,50.09,50.22,143
2016.11.16 19:30,50.24,50.36,50.24,50.29,86
2016.11.16 19:45,50.30,50.32,50.13,50.27,98
2016.11.16 20:00,50.29,50.34,50.16,50.26,121
2016.11.16 20:15,50.26,50.26,50.09,50.17,90
2016.11.16 20:30,50.18,50.27,50.10,50.23,106
2016.11.16 20:45,50.22,50.27,50.10,50.11,82
2016.11.16 21:00,50.12,50.18,50.06,50.10,105
2016.11.16 21:15,50.09,50.15,50.06,50.13,79
2016.11.16 21:30,50.12,50.25,50.11,50.22,79
2016.11.16 21:45,50.21,50.31,50.20,50.28,110
2016.11.16 22:00,50.29,50.44,50.27,50.39,88
2016.11.16 22:15,50.40,50.42,50.28,50.32,74
2016.11.16 22:30,50.34,50.38,50.29,50.37,95
2016.11.16 22:45,50.40,50.40,50.24,50.36,178
2016.11.17 16:30,50.17,50.70,50.17,50.66,254
2016.11.17 16:45,50.65,50.75,50.53,50.68,201
2016.11.17 17:00,50.68,51.08,50.56,51.08,214
2016.11.17 17:15,51.08,51.13,50.82,50.82,201
2016.11.17 17:30,50.84,51.06,50.65,51.06,146
2016.11.17 17:45,51.07,51.31,51.07,51.15,161
2016.11.17 18:00,51.15,51.33,51.04,51.33,165
2016.11.17 18:15,51.32,51.35,51.08,51.35,208
2016.11.17 18:30,51.37,51.57,51.36,51.54,146
2016.11.17 18:45,51.53,51.65,51.48,51.56,104
2016.11.17 19:00,51.57,51.59,51.20,51.24,108
2016.11.17 19:15,51.23,51.32,51.17,51.24,109
2016.11.17 19:30,51.27,51.32,51.19,51.25,89
2016.11.17 19:45,51.26,51.26,51.18,51.24,47
2016.11.17 20:00,51.25,51.29,51.17,51.22,66
2016.11.17 20:15,51.23,51.25,51.02,51.07,83
2016.11.17 20:30,51.09,51.17,51.06,51.13,72
2016.11.17 20:45,51.14,51.14,50.99,50.99,95
2016.11.17 21:00,51.00,51.03,50.83,50.89,93
2016.11.17 21:15,50.90,51.01,50.90,50.98,86
2016.11.17 21:30,50.97,51.01,50.88,50.95,100
2016.11.17 21:45,50.96,50.97,50.82,50.94,97
2016.11.17 22:00,50.93,50.97,50.90,50.93,60
2016.11.17 22:15,50.94,50.95,50.85,50.85,91
2016.11.17 22:30,50.86,50.97,50.86,50.90,109
2016.11.17 22:45,50.91,51.02,50.89,50.92,220
2016.11.18 16:30,51.17,51.44,50.84,50.86,332
2016.11.18 16:45,50.88,51.09,50.82,50.87,179
2016.11.18 17:00,50.88,50.97,50.67,50.73,176
2016.11.18 17:15,50.72,50.72,50.45,50.58,187
2016.11.18 17:30,50.58,50.74,50.32,50.72,186
2016.11.18 17:45,50.69,50.88,50.65,50.83,164
2016.11.18 18:00,50.82,51.10,50.76,51.09,163
2016.11.18 18:15,51.08,51.26,51.02,51.26,154
2016.11.18 18:30,51.27,51.34,51.20,51.34,112
2016.11.18 18:45,51.33,51.37,51.05,51.08,68
2016.11.18 19:00,51.09,51.09,50.88,50.94,70
2016.11.18 19:15,50.95,51.02,50.83,51.00,96
2016.11.18 19:30,51.00,51.00,50.84,50.85,56
2016.11.18 19:45,50.87,50.89,50.80,50.89,55
2016.11.18 20:00,50.88,51.06,50.88,51.02,89
2016.11.18 20:15,51.03,51.09,50.96,51.05,90
2016.11.18 20:30,51.04,51.08,51.01,51.03,57
2016.11.18 20:45,51.02,51.07,50.95,50.99,69
2016.11.18 21:00,50.99,51.05,50.95,50.97,111
2016.11.18 21:15,50.97,51.06,50.95,50.95,71
2016.11.18 21:30,50.94,51.01,50.91,50.97,55
2016.11.18 21:45,50.98,51.01,50.92,50.94,68
2016.11.18 22:00,50.93,50.97,50.90,50.91,72
2016.11.18 22:15,50.92,50.98,50.86,50.97,71
2016.11.18 22:30,50.98,50.98,50.93,50.94,39
2016.11.18 22:45,50.93,50.93,50.76,50.76,66
2016.11.21 16:30,50.99,51.55,50.99,51.43,220
2016.11.21 16:45,51.44,51.84,51.44,51.66,202
2016.11.21 17:00,51.67,51.68,51.50,51.54,111
2016.11.21 17:15,51.53,51.53,51.25,51.32,129
2016.11.21 17:30,51.30,51.47,51.24,51.46,149
2016.11.21 17:45,51.44,51.47,51.30,51.35,119
2016.11.21 18:00,51.36,51.41,51.21,51.40,147
2016.11.21 18:15,51.41,51.60,51.41,51.60,109
2016.11.21 18:30,51.61,51.64,51.54,51.58,113
2016.11.21 18:45,51.59,51.64,51.49,51.56,108
2016.11.21 19:00,51.56,51.59,51.48,51.53,73
2016.11.21 19:15,51.53,51.61,51.50,51.61,75
2016.11.21 19:30,51.61,51.72,51.55,51.69,74
2016.11.21 19:45,51.68,51.68,51.60,51.63,49
2016.11.21 20:00,51.63,51.72,51.60,51.72,56
2016.11.21 20:15,51.73,52.02,51.73,52.00,68
2016.11.21 20:30,51.99,51.99,51.80,51.81,63
2016.11.21 20:45,51.82,51.87,51.80,51.83,42
2016.11.21 21:00,51.82,51.92,51.81,51.82,50
2016.11.21 21:15,51.82,51.88,51.77,51.80,51
2016.11.21 21:30,51.79,51.88,51.77,51.80,45
2016.11.21 21:45,51.81,51.85,51.80,51.80,30
2016.11.21 22:00,51.84,51.85,51.75,51.78,41
2016.11.21 22:15,51.77,51.84,51.77,51.80,39
2016.11.21 22:30,51.79,51.79,51.65,51.65,42
2016.11.21 22:45,51.67,51.75,51.61,51.64,120
2016.11.22 16:30,51.82,51.91,51.69,51.91,171
2016.11.22 16:45,51.92,52.00,51.84,51.88,232
2016.11.22 17:00,51.88,51.95,51.74,51.91,179
2016.11.22 17:15,51.90,51.90,51.63,51.72,109
2016.11.22 17:30,51.70,51.70,51.55,51.56,134
2016.11.22 17:45,51.56,51.67,51.49,51.59,101
2016.11.22 18:00,51.60,51.65,51.50,51.53,78
2016.11.22 18:15,51.52,51.52,51.26,51.28,93
2016.11.22 18:30,51.29,51.34,51.21,51.34,114
2016.11.22 18:45,51.33,51.45,51.23,51.44,61
2016.11.22 19:00,51.43,51.49,51.29,51.48,108
2016.11.22 19:15,51.47,51.50,51.34,51.35,73
2016.11.22 19:30,51.34,51.40,51.30,51.35,85
2016.11.22 19:45,51.36,51.41,51.30,51.36,79
2016.11.22 20:00,51.35,51.43,51.32,51.39,52
2016.11.22 20:15,51.38,51.54,51.33,51.48,76
2016.11.22 20:30,51.47,51.52,51.35,51.37,212
2016.11.22 20:45,51.36,51.44,51.33,51.38,87
2016.11.22 21:00,51.37,51.40,51.30,51.36,83
2016.11.22 21:15,51.37,51.38,51.31,51.35,71
2016.11.22 21:30,51.34,51.36,51.25,51.30,98
2016.11.22 21:45,51.29,51.31,51.20,51.23,79
2016.11.22 22:00,51.24,51.30,51.21,51.28,127
2016.11.22 22:15,51.27,51.33,51.26,51.26,94
2016.11.22 22:30,51.27,51.35,51.26,51.34,162
2016.11.22 22:45,51.33,51.37,51.20,51.28,146
2016.11.23 16:30,50.77,50.93,50.64,50.79,378
2016.11.23 16:45,50.79,50.80,50.36,50.58,249
2016.11.23 17:00,50.60,50.81,50.54,50.72,116
2016.11.23 17:15,50.72,50.92,50.72,50.86,156
2016.11.23 17:30,50.89,50.97,50.74,50.91,110
2016.11.23 17:45,50.92,50.98,50.79,50.79,115
2016.11.23 18:00,50.79,50.84,50.64,50.77,103
2016.11.23 18:15,50.76,50.80,50.66,50.69,128
2016.11.23 18:30,50.70,50.70,50.49,50.58,159
2016.11.23 18:45,50.59,50.85,50.50,50.84,148
2016.11.23 19:00,50.86,50.92,50.82,50.85,68
2016.11.23 19:15,50.85,50.96,50.82,50.91,61
2016.11.23 19:30,50.92,50.98,50.81,50.95,74
2016.11.23 19:45,50.95,50.97,50.79,50.88,92
2016.11.23 20:00,50.89,50.89,50.75,50.79,81
2016.11.23 20:15,50.80,50.82,50.67,50.73,52
2016.11.23 20:30,50.73,50.83,50.72,50.76,75
2016.11.23 20:45,50.75,50.77,50.64,50.67,81
2016.11.23 21:00,50.67,50.78,50.63,50.71,88
2016.11.23 21:15,50.70,50.77,50.67,50.72,71
2016.11.23 21:30,50.71,50.77,50.62,50.68,50
2016.11.23 21:45,50.67,50.70,50.61,50.64,70
2016.11.23 22:00,50.65,50.74,50.64,50.69,74
2016.11.23 22:15,50.70,50.79,50.66,50.74,75
2016.11.23 22:30,50.75,50.79,50.72,50.77,74
2016.11.23 22:45,50.78,50.81,50.69,50.72,115
2016.11.25 16:30,50.80,51.03,50.63,50.84,142
2016.11.25 16:45,50.86,51.01,50.84,51.01,61
2016.11.25 17:00,51.00,51.01,50.90,51.01,66
2016.11.25 17:15,51.01,51.25,50.94,51.23,82
2016.11.25 17:30,51.24,51.36,51.23,51.24,70
2016.11.25 17:45,51.24,51.27,51.11,51.13,36
2016.11.25 18:00,51.14,51.18,51.06,51.09,56
2016.11.25 18:15,51.08,51.08,50.99,51.03,43
2016.11.25 18:30,51.04,51.06,50.94,51.03,34
2016.11.25 18:45,51.04,51.23,50.99,51.23,45
2016.11.25 19:00,51.22,51.31,51.22,51.23,43
2016.11.25 19:15,51.22,51.27,51.13,51.26,55
2016.11.25 19:30,51.25,51.28,51.13,51.23,59
2016.11.25 19:45,51.24,51.29,51.13,51.16,92
2016.11.28 16:30,51.08,51.08,50.69,50.93,206
2016.11.28 16:45,50.92,50.99,50.81,50.89,122
2016.11.28 17:00,50.87,50.88,50.71,50.72,103
2016.11.28 17:15,50.74,50.80,50.61,50.80,129
2016.11.28 17:30,50.79,50.88,50.68,50.69,141
2016.11.28 17:45,50.68,50.72,50.62,50.65,113
2016.11.28 18:00,50.67,50.68,50.22,50.25,232
2016.11.28 18:15,50.23,50.46,50.10,50.40,509
2016.11.28 18:30,50.41,50.64,50.40,50.45,256
2016.11.28 18:45,50.45,50.51,50.35,50.40,178
2016.11.28 19:00,50.41,50.57,50.41,50.48,183
2016.11.28 19:15,50.47,50.63,50.44,50.57,137
2016.11.28 19:30,50.56,50.66,50.51,50.54,193
2016.11.28 19:45,50.53,50.57,50.46,50.52,187
2016.11.28 20:00,50.52,50.61,50.46,50.52,135
2016.11.28 20:15,50.53,50.55,50.42,50.44,164
2016.11.28 20:30,50.44,50.47,50.22,50.35,127
2016.11.28 20:45,50.32,50.43,50.32,50.41,71
2016.11.28 21:00,50.41,50.43,50.24,50.33,181
2016.11.28 21:15,50.34,50.39,50.33,50.36,45
2016.11.28 21:30,50.37,50.37,50.24,50.28,73
2016.11.28 21:45,50.29,50.32,50.12,50.12,99
2016.11.28 22:00,50.13,50.23,50.04,50.23,142
2016.11.28 22:15,50.22,50.33,50.22,50.25,76
2016.11.28 22:30,50.24,50.26,50.12,50.12,74
2016.11.28 22:45,50.11,50.16,50.08,50.13,98
2016.11.29 16:30,50.40,50.77,50.17,50.70,214
2016.11.29 16:45,50.61,50.61,50.09,50.25,236
2016.11.29 17:00,50.25,50.26,49.96,50.07,243
2016.11.29 17:15,50.07,50.09,49.85,49.91,208
2016.11.29 17:30,49.90,50.06,49.74,49.85,213
2016.11.29 17:45,49.84,49.93,49.76,49.81,129
2016.11.29 18:00,49.79,49.79,49.51,49.51,145
2016.11.29 18:15,49.50,49.52,49.42,49.44,88
2016.11.29 18:30,49.45,49.67,49.43,49.65,123
2016.11.29 18:45,49.66,49.66,49.40,49.62,121
2016.11.29 19:00,49.61,49.83,49.58,49.81,138
2016.11.29 19:15,49.82,49.82,49.70,49.70,92
2016.11.29 19:30,49.69,49.69,49.52,49.52,75
2016.11.29 19:45,49.51,49.55,49.31,49.38,118
2016.11.29 20:00,49.38,49.49,49.36,49.39,91
2016.11.29 20:15,49.38,49.43,49.28,49.37,95
2016.11.29 20:30,49.36,49.39,49.33,49.33,62
2016.11.29 20:45,49.34,49.42,49.33,49.38,84
2016.11.29 21:00,49.37,49.50,49.33,49.46,72
2016.11.29 21:15,49.45,49.46,49.27,49.28,82
2016.11.29 21:30,49.27,49.33,49.22,49.31,99
2016.11.29 21:45,49.32,49.32,49.25,49.27,64
2016.11.29 22:00,49.28,49.28,49.14,49.16,79
2016.11.29 22:15,49.17,49.33,49.11,49.30,64
2016.11.29 22:30,49.31,49.32,49.20,49.20,67
2016.11.29 22:45,49.19,49.32,49.17,49.23,62
2016.11.30 16:30,49.40,49.50,49.16,49.50,244
2016.11.30 16:45,49.51,49.68,49.39,49.39,219
2016.11.30 17:00,49.37,49.40,49.01,49.08,167
2016.11.30 17:15,49.09,49.13,48.63,48.95,190
2016.11.30 17:30,48.94,48.95,48.66,48.74,147
2016.11.30 17:45,48.73,48.90,48.63,48.89,120
2016.11.30 18:00,48.89,49.00,48.87,48.92,161
2016.11.30 18:15,48.93,48.94,48.70,48.70,113
2016.11.30 18:30,48.69,48.88,48.54,48.75,207
2016.11.30 18:45,48.74,48.81,48.58,48.66,139
2016.11.30 19:00,48.65,48.69,48.57,48.68,106
2016.11.30 19:15,48.67,48.82,48.64,48.78,87
2016.11.30 19:30,48.77,48.78,48.52,48.63,177
2016.11.30 19:45,48.63,48.74,48.59,48.68,91
2016.11.30 20:00,48.69,48.75,48.62,48.69,68
2016.11.30 20:15,48.70,48.72,48.60,48.65,41
2016.11.30 20:30,48.66,48.67,48.56,48.56,43
2016.11.30 20:45,48.55,48.64,48.53,48.55,47
2016.11.30 21:00,48.56,48.56,48.30,48.36,125
2016.11.30 21:15,48.35,48.56,48.33,48.56,74
2016.11.30 21:30,48.57,48.57,48.36,48.40,99
2016.11.30 21:45,48.39,48.42,48.29,48.30,97
2016.11.30 22:00,48.31,48.33,48.20,48.29,70
2016.11.30 22:15,48.30,48.42,48.30,48.36,55
2016.11.30 22:30,48.35,48.51,48.32,48.44,79
2016.11.30 22:45,48.45,48.46,48.24,48.26,177
2016.12.01 16:30,48.37,48.37,47.90,47.90,234
2016.12.01 16:45,47.90,48.31,47.87,48.12,227
2016.12.01 17:00,48.12,48.24,47.99,48.02,164
2016.12.01 17:15,48.02,48.05,47.79,47.97,177
2016.12.01 17:30,47.97,48.05,47.72,47.74,219
2016.12.01 17:45,47.72,47.77,47.45,47.59,165
2016.12.01 18:00,47.60,47.88,47.56,47.84,140
2016.12.01 18:15,47.83,47.84,47.68,47.78,131
2016.12.01 18:30,47.79,47.81,47.65,47.72,100
2016.12.01 18:45,47.73,47.77,47.60,47.63,92
2016.12.01 19:00,47.62,47.62,47.44,47.47,98
2016.12.01 19:15,47.48,47.52,47.33,47.36,80
2016.12.01 19:30,47.35,47.50,47.24,47.24,91
2016.12.01 19:45,47.25,47.33,47.14,47.15,94
2016.12.01 20:00,47.14,47.17,46.91,46.92,161
2016.12.01 20:15,46.91,47.09,46.87,47.08,78
2016.12.01 20:30,47.09,47.19,47.09,47.15,70
2016.12.01 20:45,47.14,47.17,47.02,47.06,97
2016.12.01 21:00,47.05,47.14,47.01,47.14,99
2016.12.01 21:15,47.13,47.32,47.12,47.22,157
2016.12.01 21:30,47.21,47.26,47.15,47.25,97
2016.12.01 21:45,47.26,47.31,47.17,47.21,95
2016.12.01 22:00,47.20,47.21,47.01,47.01,69
2016.12.01 22:15,47.02,47.13,46.97,47.09,85
2016.12.01 22:30,47.08,47.09,46.97,47.06,87
2016.12.01 22:45,47.05,47.14,47.03,47.10,82
2016.12.02 16:30,46.80,47.33,46.80,47.01,469
2016.12.02 16:45,47.01,47.06,46.61,46.74,231
2016.12.02 17:00,46.74,46.80,46.39,46.39,226
2016.12.02 17:15,46.40,46.59,46.34,46.47,179
2016.12.02 17:30,46.48,46.71,46.48,46.56,175
2016.12.02 17:45,46.55,46.57,46.44,46.54,135
2016.12.02 18:00,46.53,46.60,46.51,46.54,142
2016.12.02 18:15,46.53,46.79,46.43,46.76,157
2016.12.02 18:30,46.76,46.77,46.45,46.56,112
2016.12.02 18:45,46.53,46.53,46.09,46.09,131
2016.12.02 19:00,46.10,46.27,46.06,46.25,129
2016.12.02 19:15,46.26,46.35,46.03,46.03,118
2016.12.02 19:30,46.02,46.15,45.93,46.10,112
2016.12.02 19:45,46.09,46.45,46.09,46.44,128
2016.12.02 20:00,46.45,46.50,46.28,46.29,102
2016.12.02 20:15,46.28,46.41,46.23,46.36,93
2016.12.02 20:30,46.37,46.38,46.21,46.32,82
2016.12.02 20:45,46.31,46.41,46.29,46.35,75
2016.12.02 21:00,46.36,46.37,46.16,46.22,76
2016.12.02 21:15,46.21,46.33,46.17,46.22,56
2016.12.02 21:30,46.21,46.29,46.17,46.29,64
2016.12.02 21:45,46.28,46.28,46.20,46.26,60
2016.12.02 22:00,46.25,46.34,46.23,46.23,66
2016.12.02 22:15,46.22,46.31,46.20,46.31,44
2016.12.02 22:30,46.30,46.41,46.30,46.35,67
2016.12.02 22:45,46.36,46.42,46.34,46.41,78
2016.12.05 16:30,47.38,47.73,47.05,47.38,517
2016.12.05 16:45,47.39,47.79,47.36,47.71,371
2016.12.05 17:00,47.74,48.17,47.51,48.15,391
2016.12.05 17:15,48.17,48.48,48.02,48.43,351
2016.12.05 17:30,48.42,48.48,48.05,48.11,220
2016.12.05 17:45,48.12,48.23,47.92,47.94,205
2016.12.05 18:00,47.93,47.97,47.77,47.93,222
2016.12.05 18:15,47.94,47.94,47.79,47.86,128
2016.12.05 18:30,47.86,48.00,47.86,48.00,142
2016.12.05 18:45,48.00,48.00,47.73,47.80,177
2016.12.05 19:00,47.79,47.79,47.64,47.65,101
2016.12.05 19:15,47.64,47.68,47.44,47.57,109
2016.12.05 19:30,47.56,47.80,47.53,47.79,142
2016.12.05 19:45,47.80,47.95,47.79,47.84,87
2016.12.05 20:00,47.85,47.92,47.83,47.88,77
2016.12.05 20:15,47.89,47.91,47.82,47.86,81
2016.12.05 20:30,47.85,47.88,47.75,47.79,80
2016.12.05 20:45,47.78,47.87,47.78,47.82,71
2016.12.05 21:00,47.83,47.85,47.69,47.77,71
2016.12.05 21:15,47.78,47.93,47.78,47.86,73
2016.12.05 21:30,47.85,47.95,47.83,47.95,96
2016.12.05 21:45,47.94,47.97,47.89,47.90,79
2016.12.05 22:00,47.89,47.95,47.89,47.94,50
2016.12.05 22:15,47.95,47.96,47.88,47.94,49
2016.12.05 22:30,47.95,47.96,47.88,47.92,71
2016.12.05 22:45,47.91,47.98,47.91,47.93,59
2016.12.06 16:30,48.10,48.21,47.87,48.04,210
2016.12.06 16:45,48.05,48.27,47.86,48.05,254
2016.12.06 17:00,48.04,48.12,47.81,47.88,204
2016.12.06 17:15,47.88,47.99,47.76,47.77,108
2016.12.06 17:30,47.79,48.09,47.79,48.00,117
2016.12.06 17:45,47.99,48.15,47.98,48.11,90
2016.12.06 18:00,48.12,48.14,47.96,48.04,98
2016.12.06 18:15,48.03,48.05,47.91,47.91,68
2016.12.06 18:30,47.90,47.97,47.89,47.94,67
2016.12.06 18:45,47.95,48.09,47.95,48.04,65
2016.12.06 19:00,48.05,48.05,48.00,48.00,52
2016.12.06 19:15,48.01,48.05,47.98,48.01,53
2016.12.06 19:30,48.02,48.12,48.01,48.04,52
2016.12.06 19:45,48.05,48.06,47.99,48.06,43
2016.12.06 20:00,48.05,48.10,48.02,48.03,58
2016.12.06 20:15,48.04,48.10,48.03,48.07,52
2016.12.06 20:30,48.07,48.12,48.02,48.09,42
2016.12.06 20:45,48.10,48.15,48.06,48.07,63
2016.12.06 21:00,48.08,48.12,48.06,48.11,53
2016.12.06 21:15,48.12,48.21,48.09,48.19,55
2016.12.06 21:30,48.18,48.20,48.11,48.16,44
2016.12.06 21:45,48.17,48.23,48.08,48.09,36
2016.12.06 22:00,48.10,48.10,48.03,48.05,61
2016.12.06 22:15,48.06,48.13,48.03,48.05,50
2016.12.06 22:30,48.06,48.07,48.01,48.02,42
2016.12.06 22:45,48.06,48.13,48.02,48.12,67
2016.12.07 16:30,48.23,48.34,47.89,48.05,245
2016.12.07 16:45,48.05,48.14,47.94,47.96,142
2016.12.07 17:00,47.97,48.08,47.90,48.03,129
2016.12.07 17:15,48.00,48.07,47.89,48.02,128
2016.12.07 17:30,48.03,48.21,47.94,48.21,145
2016.12.07 17:45,48.23,48.24,48.05,48.08,114
2016.12.07 18:00,48.07,48.13,48.00,48.00,89
2016.12.07 18:15,48.01,48.01,47.88,47.91,47
2016.12.07 18:30,47.90,48.01,47.90,48.01,110
2016.12.07 18:45,47.98,48.06,47.89,48.04,72
2016.12.07 19:00,48.05,48.11,47.92,47.98,99
2016.12.07 19:15,47.98,48.03,47.86,47.87,60
2016.12.07 19:30,47.86,47.93,47.84,47.89,85
2016.12.07 19:45,47.90,47.98,47.89,47.95,78
2016.12.07 20:00,47.96,48.02,47.94,48.01,163
2016.12.07 20:15,48.02,48.05,47.79,47.80,153
2016.12.07 20:30,47.81,47.83,47.69,47.69,130
2016.12.07 20:45,47.70,47.82,47.60,47.64,105
2016.12.07 21:00,47.63,47.63,47.52,47.58,107
2016.12.07 21:15,47.57,47.74,47.57,47.70,143
2016.12.07 21:30,47.69,47.74,47.58,47.65,83
2016.12.07 21:45,47.67,47.83,47.67,47.76,66
2016.12.07 22:00,47.77,47.81,47.68,47.75,109
2016.12.07 22:15,47.76,47.88,47.74,47.83,73
2016.12.07 22:30,47.82,47.85,47.61,47.62,136
2016.12.07 22:45,47.61,47.63,47.51,47.55,234
2016.12.08 16:30,47.38,47.72,47.30,47.42,266
2016.12.08 16:45,47.42,47.65,47.32,47.43,230
2016.12.08 17:00,47.44,47.64,47.19,47.63,294
2016.12.08 17:15,47.64,47.89,47.61,47.77,161
2016.12.08 17:30,47.78,48.02,47.78,47.94,154
2016.12.08 17:45,47.97,47.97,47.84,47.87,108
2016.12.08 18:00,47.90,48.13,47.90,48.10,145
2016.12.08 18:15,48.11,48.16,47.99,48.09,116
2016.12.08 18:30,48.10,48.19,47.99,48.04,108
2016.12.08 18:45,48.05,48.13,47.94,47.96,70
2016.12.08 19:00,47.97,48.12,47.95,48.02,72
2016.12.08 19:15,48.01,48.04,47.95,47.96,83
2016.12.08 19:30,47.97,48.09,47.96,48.09,81
2016.12.08 19:45,48.10,48.30,48.10,48.19,89
2016.12.08 20:00,48.18,48.21,47.96,47.99,80
2016.12.08 20:15,47.98,47.98,47.89,47.95,56
2016.12.08 20:30,47.94,47.98,47.92,47.94,66
2016.12.08 20:45,47.95,47.97,47.93,47.94,47
2016.12.08 21:00,47.95,47.98,47.86,47.87,120
2016.12.08 21:15,47.86,47.86,47.67,47.86,95
2016.12.08 21:30,47.85,47.89,47.78,47.83,76
2016.12.08 21:45,47.86,47.86,47.78,47.82,77
2016.12.08 22:00,47.83,47.95,47.83,47.88,82
2016.12.08 22:15,47.89,47.95,47.86,47.93,71
2016.12.08 22:30,47.94,48.06,47.93,47.99,56
2016.12.08 22:45,47.98,48.05,47.95,48.01,114
2016.12.09 16:30,48.02,48.78,48.02,48.78,374
2016.12.09 16:45,48.79,49.21,48.79,49.20,286
2016.12.09 17:00,49.25,49.25,48.99,49.08,229
2016.12.09 17:15,49.06,49.07,48.84,48.91,164
2016.12.09 17:30,48.90,49.12,48.90,48.98,130
2016.12.09 17:45,48.97,49.19,48.89,48.89,127
2016.12.09 18:00,48.90,49.13,48.89,49.10,85
2016.12.09 18:15,49.11,49.12,48.96,48.97,103
2016.12.09 18:30,48.98,49.09,48.79,49.09,93
2016.12.09 18:45,49.10,49.26,49.06,49.24,99
2016.12.09 19:00,49.25,49.37,49.22,49.27,82
2016.12.09 19:15,49.27,49.30,49.17,49.20,50
2016.12.09 19:30,49.21,49.25,49.10,49.11,73
2016.12.09 19:45,49.11,49.18,49.06,49.09,62
2016.12.09 20:00,49.10,49.12,48.99,49.01,60
2016.12.09 20:15,49.00,49.00,48.86,48.89,58
2016.12.09 20:30,48.88,49.04,48.87,48.97,51
2016.12.09 20:45,48.98,49.01,48.97,48.99,22
2016.12.09 21:00,49.00,49.20,48.99,49.14,54
2016.12.09 21:15,49.13,49.20,49.11,49.11,34
2016.12.09 21:30,49.10,49.15,49.09,49.12,39
2016.12.09 21:45,49.15,49.15,49.05,49.05,42
2016.12.09 22:00,49.08,49.08,48.96,48.99,46
2016.12.09 22:15,49.00,49.12,48.98,49.11,47
2016.12.09 22:30,49.12,49.17,49.10,49.15,27
2016.12.09 22:45,49.19,49.19,49.11,49.18,82
2016.12.12 16:30,48.95,49.33,48.79,48.94,393
2016.12.12 16:45,48.94,49.28,48.72,49.02,236
2016.12.12 17:00,49.03,49.23,48.95,49.01,152
2016.12.12 17:15,49.03,49.03,48.58,48.70,242
2016.12.12 17:30,48.70,48.72,48.33,48.40,168
2016.12.12 17:45,48.40,48.44,48.23,48.36,167
2016.12.12 18:00,48.37,48.49,48.31,48.42,147
2016.12.12 18:15,48.41,48.54,48.41,48.44,99
2016.12.12 18:30,48.45,48.51,48.38,48.50,77
2016.12.12 18:45,48.49,48.51,48.30,48.38,90
2016.12.12 19:00,48.37,48.41,48.27,48.31,102
2016.12.12 19:15,48.30,48.46,48.28,48.46,99
2016.12.12 19:30,48.47,48.55,48.44,48.55,106
2016.12.12 19:45,48.54,48.54,48.35,48.39,69
2016.12.12 20:00,48.40,48.48,48.37,48.48,69
2016.12.12 20:15,48.47,48.52,48.41,48.47,80
2016.12.12 20:30,48.48,48.48,48.24,48.30,87
2016.12.12 20:45,48.31,48.38,48.25,48.38,69
2016.12.12 21:00,48.39,48.47,48.39,48.43,48
2016.12.12 21:15,48.43,48.46,48.39,48.46,52
2016.12.12 21:30,48.44,48.57,48.40,48.49,99
2016.12.12 21:45,48.50,48.60,48.48,48.52,71
2016.12.12 22:00,48.53,48.71,48.51,48.62,86
2016.12.12 22:15,48.63,48.79,48.63,48.72,67
2016.12.12 22:30,48.73,48.81,48.70,48.75,62
2016.12.12 22:45,48.76,48.78,48.63,48.68,155
2016.12.13 16:30,48.80,49.31,48.52,49.27,367
2016.12.13 16:45,49.28,49.40,49.11,49.33,240
2016.12.13 17:00,49.33,49.50,49.22,49.44,164
2016.12.13 17:15,49.44,49.51,49.31,49.41,172
2016.12.13 17:30,49.40,49.48,49.13,49.27,168
2016.12.13 17:45,49.28,49.53,49.21,49.44,166
2016.12.13 18:00,49.44,49.45,49.15,49.17,127
2016.12.13 18:15,49.16,49.26,49.05,49.25,118
2016.12.13 18:30,49.26,49.28,49.15,49.16,71
2016.12.13 18:45,49.15,49.17,49.08,49.11,124
2016.12.13 19:00,49.12,49.21,49.10,49.14,61
2016.12.13 19:15,49.14,49.21,49.09,49.11,94
2016.12.13 19:30,49.12,49.15,49.04,49.08,69
2016.12.13 19:45,49.08,49.16,49.08,49.11,43
2016.12.13 20:00,49.10,49.16,49.06,49.06,69
2016.12.13 20:15,49.05,49.13,49.04,49.09,62
2016.12.13 20:30,49.08,49.22,49.08,49.17,94
2016.12.13 20:45,49.18,49.32,49.17,49.29,69
2016.12.13 21:00,49.27,49.27,49.14,49.18,69
2016.12.13 21:15,49.19,49.22,49.12,49.12,53
2016.12.13 21:30,49.11,49.17,49.07,49.14,48
2016.12.13 21:45,49.18,49.26,49.13,49.20,59
2016.12.13 22:00,49.19,49.20,49.10,49.11,40
2016.12.13 22:15,49.12,49.15,49.06,49.11,72
2016.12.13 22:30,49.12,49.20,49.12,49.14,39
2016.12.13 22:45,49.13,49.21,48.96,48.99,103
2016.12.14 16:30,48.96,49.11,48.40,48.45,219
2016.12.14 16:45,48.46,48.51,48.31,48.37,139
2016.12.14 17:00,48.37,48.42,48.09,48.29,113
2016.12.14 17:15,48.28,48.30,48.04,48.07,107
2016.12.14 17:30,48.08,48.16,47.78,47.79,156
2016.12.14 17:45,47.79,48.03,47.79,47.92,104
2016.12.14 18:00,47.92,47.97,47.43,47.50,236
2016.12.14 18:15,47.50,47.77,47.47,47.65,188
2016.12.14 18:30,47.64,48.22,47.61,48.06,240
2016.12.14 18:45,48.06,48.26,47.97,48.00,216
2016.12.14 19:00,48.01,48.01,47.66,47.66,129
2016.12.14 19:15,47.65,47.97,47.65,47.95,100
2016.12.14 19:30,47.96,48.07,47.90,47.98,105
2016.12.14 19:45,47.97,48.03,47.83,47.87,164
2016.12.14 20:00,47.86,47.94,47.75,47.81,130
2016.12.14 20:15,47.82,47.87,47.75,47.79,86
2016.12.14 20:30,47.79,47.97,47.79,47.97,103
2016.12.14 20:45,47.96,48.08,47.95,48.07,100
2016.12.14 21:00,48.07,48.13,47.62,47.62,272
2016.12.14 21:15,47.64,47.90,47.58,47.75,244
2016.12.14 21:30,47.74,47.85,47.61,47.82,309
2016.12.14 21:45,47.83,47.95,47.61,47.61,141
2016.12.14 22:00,47.60,47.67,47.35,47.42,159
2016.12.14 22:15,47.41,47.54,47.34,47.52,152
2016.12.14 22:30,47.51,47.88,47.51,47.61,165
2016.12.14 22:45,47.60,47.68,47.50,47.56,281
2016.12.15 16:30,47.64,47.67,47.17,47.61,219
2016.12.15 16:45,47.61,47.81,47.49,47.67,202
2016.12.15 17:00,47.64,47.70,47.46,47.54,178
2016.12.15 17:15,47.56,47.60,47.31,47.38,162
2016.12.15 17:30,47.38,47.60,47.33,47.54,163
2016.12.15 17:45,47.55,47.61,47.43,47.44,100
2016.12.15 18:00,47.45,47.59,47.44,47.51,154
2016.12.15 18:15,47.52,47.59,47.35,47.39,179
2016.12.15 18:30,47.40,47.49,47.35,47.41,154
2016.12.15 18:45,47.39,47.40,47.27,47.30,102
2016.12.15 19:00,47.29,47.46,47.19,47.42,201
2016.12.15 19:15,47.41,47.60,47.40,47.56,163
2016.12.15 19:30,47.57,47.61,47.47,47.47,124
2016.12.15 19:45,47.47,47.60,47.47,47.58,73
2016.12.15 20:00,47.59,47.72,47.57,47.68,66
2016.12.15 20:15,47.67,47.73,47.53,47.57,88
2016.12.15 20:30,47.58,47.68,47.57,47.57,86
2016.12.15 20:45,47.57,47.58,47.31,47.35,180
2016.12.15 21:00,47.35,47.46,47.27,47.42,90
2016.12.15 21:15,47.41,47.43,47.31,47.35,59
2016.12.15 21:30,47.33,47.40,47.30,47.31,53
2016.12.15 21:45,47.30,47.33,47.19,47.23,43
2016.12.15 22:00,47.22,47.24,47.15,47.16,48
2016.12.15 22:15,47.17,47.21,47.10,47.10,40
2016.12.15 22:30,47.11,47.49,47.11,47.45,120
2016.12.15 22:45,47.44,47.50,47.28,47.35,240
2016.12.16 16:30,47.40,47.61,47.16,47.40,285
2016.12.16 16:45,47.40,47.73,47.35,47.62,201
2016.12.16 17:00,47.63,48.00,47.63,47.86,240
2016.12.16 17:15,47.87,48.04,47.64,47.75,200
2016.12.16 17:30,47.75,47.92,47.65,47.87,175
2016.12.16 17:45,47.87,47.91,47.79,47.91,104
2016.12.16 18:00,47.91,47.99,47.81,47.81,104
2016.12.16 18:15,47.82,47.86,47.58,47.60,86
2016.12.16 18:30,47.59,47.76,47.49,47.50,182
2016.12.16 18:45,47.49,47.57,47.35,47.41,223
2016.12.16 19:00,47.42,47.68,47.40,47.63,163
2016.12.16 19:15,47.62,47.62,47.47,47.49,58
2016.12.16 19:30,47.50,47.56,47.46,47.47,63
2016.12.16 19:45,47.46,47.49,47.32,47.39,95
2016.12.16 20:00,47.40,47.45,47.36,47.43,38
2016.12.16 20:15,47.43,47.50,47.35,47.47,84
2016.12.16 20:30,47.48,47.49,47.43,47.44,32
2016.12.16 20:45,47.44,47.45,47.33,47.34,40
2016.12.16 21:00,47.35,47.39,47.32,47.33,47
2016.12.16 21:15,47.32,47.43,47.32,47.42,71
2016.12.16 21:30,47.41,47.45,47.32,47.40,85
2016.12.16 21:45,47.41,47.47,47.36,47.40,56
2016.12.16 22:00,47.43,47.43,47.29,47.29,93
2016.12.16 22:15,47.30,47.32,47.23,47.28,95
2016.12.16 22:30,47.26,47.36,47.18,47.36,115
2016.12.16 22:45,47.35,47.39,47.28,47.34,153
2016.12.19 16:30,47.26,47.28,46.74,47.17,223
2016.12.19 16:45,47.17,47.58,47.14,47.34,156
2016.12.19 17:00,47.34,47.42,47.26,47.35,99
2016.12.19 17:15,47.35,47.47,47.28,47.46,80
2016.12.19 17:30,47.47,47.52,47.43,47.51,95
2016.12.19 17:45,47.48,47.51,47.29,47.37,69
2016.12.19 18:00,47.36,47.48,47.26,47.28,86
2016.12.19 18:15,47.26,47.26,47.11,47.18,98
2016.12.19 18:30,47.18,47.27,47.14,47.15,56
2016.12.19 18:45,47.17,47.29,47.08,47.15,85
2016.12.19 19:00,47.14,47.20,47.07,47.09,56
2016.12.19 19:15,47.10,47.19,47.09,47.15,68
2016.12.19 19:30,47.16,47.23,47.12,47.21,70
2016.12.19 19:45,47.22,47.24,47.20,47.22,36
2016.12.19 20:00,47.23,47.23,47.06,47.06,52
2016.12.19 20:15,47.07,47.12,47.05,47.08,46
2016.12.19 20:30,47.09,47.10,46.84,46.90,86
2016.12.19 20:45,46.88,46.88,46.78,46.81,67
2016.12.19 21:00,46.80,46.87,46.80,46.87,56
2016.12.19 21:15,46.86,46.88,46.80,46.81,51
2016.12.19 21:30,46.81,46.86,46.79,46.84,42
2016.12.19 21:45,46.85,46.85,46.77,46.80,46
2016.12.19 22:00,46.81,46.83,46.78,46.79,42
2016.12.19 22:15,46.78,46.78,46.56,46.56,80
2016.12.19 22:30,46.59,46.59,46.47,46.47,45
2016.12.19 22:45,46.50,46.51,46.34,46.41,103
2016.12.20 16:30,47.26,48.22,47.24,48.14,398
2016.12.20 16:45,48.15,49.04,48.12,48.92,574
2016.12.20 17:00,48.89,49.42,48.70,49.41,417
2016.12.20 17:15,49.41,49.42,48.97,49.22,345
2016.12.20 17:30,49.21,49.36,49.06,49.36,218
2016.12.20 17:45,49.37,49.72,49.37,49.64,300
2016.12.20 18:00,49.64,49.72,49.15,49.22,200
2016.12.20 18:15,49.19,49.54,49.10,49.49,200
2016.12.20 18:30,49.49,49.50,48.83,48.96,253
2016.12.20 18:45,48.93,49.00,48.76,48.94,170
2016.12.20 19:00,48.93,49.38,48.86,49.29,174
2016.12.20 19:15,49.27,49.50,49.19,49.42,154
2016.12.20 19:30,49.42,49.45,49.29,49.39,113
2016.12.20 19:45,49.40,49.50,49.08,49.17,135
2016.12.20 20:00,49.17,49.18,49.00,49.02,97
2016.12.20 20:15,49.03,49.10,48.97,49.09,80
2016.12.20 20:30,49.06,49.34,49.05,49.33,105
2016.12.20 20:45,49.32,49.32,49.01,49.07,149
2016.12.20 21:00,49.09,49.09,48.91,48.91,154
2016.12.20 21:15,48.89,48.96,48.64,48.68,120
2016.12.20 21:30,48.64,48.87,48.59,48.82,96
2016.12.20 21:45,48.83,49.00,48.82,48.95,68
2016.12.20 22:00,48.97,48.99,48.95,48.96,58
2016.12.20 22:15,48.98,48.98,48.88,48.89,88
2016.12.20 22:30,48.92,48.92,48.81,48.84,82
2016.12.20 22:45,48.85,48.88,48.73,48.76,131
2016.12.21 16:30,48.64,48.65,48.18,48.28,336
2016.12.21 16:45,48.30,48.30,47.84,47.84,282
2016.12.21 17:00,47.85,47.99,47.54,47.98,356
2016.12.21 17:15,47.95,48.07,47.74,47.90,249
2016.12.21 17:30,47.90,47.90,47.50,47.56,185
2016.12.21 17:45,47.57,47.57,47.16,47.16,146
2016.12.21 18:00,47.17,47.22,46.96,47.00,229
2016.12.21 18:15,46.99,47.16,46.99,47.05,158
2016.12.21 18:30,47.07,47.17,47.05,47.12,85
2016.12.21 18:45,47.11,47.11,46.80,46.87,165
2016.12.21 19:00,46.88,47.24,46.88,47.24,103
2016.12.21 19:15,47.24,47.26,46.98,46.98,128
2016.12.21 19:30,47.00,47.00,46.85,46.86,91
2016.12.21 19:45,46.87,46.87,46.81,46.87,55
2016.12.21 20:00,46.88,46.91,46.78,46.88,90
2016.12.21 20:15,46.89,46.93,46.63,46.63,100
2016.12.21 20:30,46.64,46.79,46.64,46.79,61
2016.12.21 20:45,46.80,46.82,46.66,46.68,80
2016.12.21 21:00,46.69,46.70,46.63,46.68,49
2016.12.21 21:15,46.67,46.68,46.54,46.64,70
2016.12.21 21:30,46.65,46.67,46.53,46.53,57
2016.12.21 21:45,46.52,46.52,46.39,46.41,75
2016.12.21 22:00,46.42,46.43,46.17,46.17,74
2016.12.21 22:15,46.18,46.32,46.17,46.26,171
2016.12.21 22:30,46.28,46.30,46.16,46.20,90
2016.12.21 22:45,46.22,46.24,46.19,46.23,78
2016.12.22 16:30,46.21,46.24,45.60,45.93,307
2016.12.22 16:45,45.92,46.03,45.81,45.83,188
2016.12.22 17:00,45.85,46.03,45.79,45.82,170
2016.12.22 17:15,45.81,45.91,45.74,45.79,157
2016.12.22 17:30,45.79,45.85,45.72,45.72,111
2016.12.22 17:45,45.71,45.96,45.63,45.96,175
2016.12.22 18:00,45.94,46.07,45.89,46.06,159
2016.12.22 18:15,46.07,46.18,46.01,46.07,156
2016.12.22 18:30,46.06,46.11,45.94,45.96,156
2016.12.22 18:45,45.96,46.11,45.89,46.09,152
2016.12.22 19:00,46.08,46.22,46.00,46.22,139
2016.12.22 19:15,46.21,46.28,46.13,46.25,141
2016.12.22 19:30,46.26,46.32,46.19,46.24,116
2016.12.22 19:45,46.25,46.29,46.15,46.17,99
2016.12.22 20:00,46.16,46.16,46.03,46.07,69
2016.12.22 20:15,46.08,46.09,45.89,45.91,79
2016.12.22 20:30,45.90,46.09,45.88,46.06,84
2016.12.22 20:45,46.05,46.06,46.00,46.01,84
2016.12.22 21:00,46.02,46.02,45.91,45.98,68
2016.12.22 21:15,46.00,46.07,45.98,45.99,59
2016.12.22 21:30,45.98,45.99,45.91,45.91,49
2016.12.22 21:45,45.92,45.94,45.86,45.89,44
2016.12.22 22:00,45.90,46.04,45.89,45.98,91
2016.12.22 22:15,45.99,46.17,45.99,46.17,93
2016.12.22 22:30,46.16,46.27,46.16,46.20,65
2016.12.22 22:45,46.21,46.36,46.20,46.34,84
2016.12.23 16:30,46.45,46.67,46.24,46.38,196
2016.12.23 16:45,46.37,46.57,46.32,46.32,125
2016.12.23 17:00,46.32,46.32,46.16,46.30,99
2016.12.23 17:15,46.31,46.51,46.22,46.44,99
2016.12.23 17:30,46.44,46.46,46.35,46.38,57
2016.12.23 17:45,46.37,46.39,46.27,46.31,80
2016.12.23 18:00,46.32,46.48,46.32,46.41,96
2016.12.23 18:15,46.43,46.46,46.38,46.41,83
2016.12.23 18:30,46.42,46.45,46.39,46.44,60
2016.12.23 18:45,46.43,46.62,46.42,46.42,59
2016.12.23 19:00,46.44,46.47,46.30,46.36,58
2016.12.23 19:15,46.35,46.46,46.34,46.37,64
2016.12.23 19:30,46.37,46.37,46.27,46.29,32
2016.12.23 19:45,46.30,46.41,46.28,46.37,46
2016.12.23 20:00,46.37,46.43,46.34,46.43,37
2016.12.23 20:15,46.43,46.48,46.37,46.38,39
2016.12.23 20:30,46.39,46.39,46.30,46.32,29
2016.12.23 20:45,46.31,46.34,46.28,46.29,29
2016.12.23 21:00,46.28,46.38,46.27,46.37,30
2016.12.23 21:15,46.36,46.36,46.25,46.29,46
2016.12.23 21:30,46.30,46.31,46.24,46.25,29
2016.12.23 21:45,46.26,46.38,46.25,46.38,40
2016.12.23 22:00,46.39,46.42,46.35,46.39,35
2016.12.23 22:15,46.40,46.46,46.39,46.45,23
2016.12.23 22:30,46.48,46.49,46.39,46.42,42
2016.12.23 22:45,46.41,46.50,46.39,46.49,83
2016.12.27 16:30,46.54,46.96,46.39,46.93,138
2016.12.27 16:45,46.94,47.41,46.93,47.37,223
2016.12.27 17:00,47.37,47.41,47.10,47.11,138
2016.12.27 17:15,47.12,47.36,47.09,47.28,86
2016.12.27 17:30,47.29,47.46,47.28,47.35,101
2016.12.27 17:45,47.33,47.44,47.25,47.29,109
2016.12.27 18:00,47.30,47.30,47.11,47.12,79
2016.12.27 18:15,47.13,47.19,47.08,47.10,65
2016.12.27 18:30,47.13,47.24,47.12,47.24,65
2016.12.27 18:45,47.25,47.26,47.12,47.19,60
2016.12.27 19:00,47.18,47.19,47.09,47.13,46
2016.12.27 19:15,47.12,47.19,47.11,47.14,46
2016.12.27 19:30,47.14,47.17,47.12,47.15,34
2016.12.27 19:45,47.16,47.20,47.12,47.12,25
2016.12.27 20:00,47.13,47.14,47.09,47.09,18
2016.12.27 20:15,47.08,47.21,47.08,47.10,38
2016.12.27 20:30,47.09,47.09,47.00,47.04,41
2016.12.27 20:45,47.04,47.05,47.01,47.03,34
2016.12.27 21:00,47.02,47.03,46.96,46.96,25
2016.12.27 21:15,46.95,47.10,46.95,47.04,32
2016.12.27 21:30,47.03,47.13,47.03,47.12,48
2016.12.27 21:45,47.11,47.20,47.09,47.15,37
2016.12.27 22:00,47.16,47.25,47.16,47.20,52
2016.12.27 22:15,47.19,47.27,47.19,47.24,40
2016.12.27 22:30,47.23,47.29,47.16,47.29,32
2016.12.27 22:45,47.28,47.31,47.17,47.26,81
2016.12.28 16:30,47.31,47.56,47.23,47.40,196
2016.12.28 16:45,47.42,47.42,47.00,47.00,167
2016.12.28 17:00,47.00,47.16,46.80,47.07,155
2016.12.28 17:15,47.06,47.14,46.95,47.00,166
2016.12.28 17:30,47.00,47.13,46.96,46.99,136
2016.12.28 17:45,46.97,47.10,46.94,47.04,107
2016.12.28 18:00,47.03,47.08,46.95,46.99,101
2016.12.28 18:15,46.98,47.07,46.91,47.06,88
2016.12.28 18:30,47.07,47.08,46.98,46.99,60
2016.12.28 18:45,47.00,47.01,46.90,46.91,61
2016.12.28 19:00,46.92,46.96,46.88,46.90,75
2016.12.28 19:15,46.91,47.00,46.89,46.98,59
2016.12.28 19:30,46.97,46.97,46.79,46.81,89
2016.12.28 19:45,46.80,46.89,46.75,46.80,61
2016.12.28 20:00,46.81,46.82,46.74,46.82,75
2016.12.28 20:15,46.83,46.85,46.76,46.76,63
2016.12.28 20:30,46.79,46.82,46.76,46.77,66
2016.12.28 20:45,46.76,46.80,46.69,46.76,74
2016.12.28 21:00,46.77,46.87,46.77,46.83,53
2016.12.28 21:15,46.82,46.83,46.74,46.77,41
2016.12.28 21:30,46.76,46.79,46.66,46.67,35
2016.12.28 21:45,46.68,46.75,46.59,46.72,61
2016.12.28 22:00,46.73,46.85,46.72,46.78,47
2016.12.28 22:15,46.79,46.81,46.75,46.78,44
2016.12.28 22:30,46.79,46.85,46.75,46.78,69
2016.12.28 22:45,46.77,46.83,46.75,46.80,135
2016.12.29 16:30,46.50,47.01,46.50,46.72,168
2016.12.29 16:45,46.73,46.77,46.56,46.70,96
2016.12.29 17:00,46.71,46.85,46.66,46.85,91
2016.12.29 17:15,46.85,46.89,46.73,46.73,92
2016.12.29 17:30,46.70,46.77,46.59,46.64,76
2016.12.29 17:45,46.63,46.80,46.61,46.65,89
2016.12.29 18:00,46.67,47.02,46.67,46.92,185
2016.12.29 18:15,46.90,46.91,46.76,46.91,85
2016.12.29 18:30,46.93,46.99,46.79,46.85,70
2016.12.29 18:45,46.86,46.86,46.59,46.60,101
2016.12.29 19:00,46.60,46.69,46.60,46.63,52
2016.12.29 19:15,46.64,46.72,46.62,46.64,62
2016.12.29 19:30,46.64,46.71,46.60,46.66,68
2016.12.29 19:45,46.63,46.69,46.58,46.62,62
2016.12.29 20:00,46.62,46.73,46.59,46.73,117
2016.12.29 20:15,46.73,46.81,46.63,46.79,116
2016.12.29 20:30,46.79,46.85,46.73,46.76,116
2016.12.29 20:45,46.76,46.84,46.74,46.74,76
2016.12.29 21:00,46.75,46.81,46.69,46.70,60
2016.12.29 21:15,46.71,46.75,46.70,46.73,47
2016.12.29 21:30,46.71,46.82,46.67,46.79,101
2016.12.29 21:45,46.80,46.81,46.67,46.74,89
2016.12.29 22:00,46.73,46.82,46.71,46.82,95
2016.12.29 22:15,46.82,46.84,46.77,46.79,62
2016.12.29 22:30,46.80,46.88,46.78,46.87,47
2016.12.29 22:45,46.86,46.95,46.86,46.91,55
2016.12.30 16:30,47.04,47.15,47.00,47.10,163
2016.12.30 16:45,47.10,47.25,46.87,46.88,232
2016.12.30 17:00,46.88,46.99,46.77,46.93,142
2016.12.30 17:15,46.94,47.02,46.81,46.88,93
2016.12.30 17:30,46.89,46.95,46.68,46.70,88
2016.12.30 17:45,46.71,46.83,46.68,46.82,81
2016.12.30 18:00,46.84,46.84,46.72,46.76,53
2016.12.30 18:15,46.76,46.95,46.76,46.93,72
2016.12.30 18:30,46.91,46.96,46.85,46.92,82
2016.12.30 18:45,46.93,46.93,46.78,46.85,51
2016.12.30 19:00,46.83,46.83,46.68,46.78,77
2016.12.30 19:15,46.76,46.78,46.61,46.64,66
2016.12.30 19:30,46.63,46.70,46.61,46.70,121
2016.12.30 19:45,46.69,46.72,46.62,46.68,88
2016.12.30 20:00,46.67,46.68,46.47,46.53,88
2016.12.30 20:15,46.52,46.58,46.49,46.52,88
2016.12.30 20:30,46.53,46.57,46.43,46.44,56
2016.12.30 20:45,46.45,46.45,46.36,46.38,63
2016.12.30 21:00,46.37,46.40,46.34,46.36,50
2016.12.30 21:15,46.35,46.38,46.27,46.28,55
2016.12.30 21:30,46.27,46.28,46.22,46.27,40
2016.12.30 21:45,46.30,46.30,46.16,46.21,77
2016.12.30 22:00,46.20,46.25,46.17,46.17,60
2016.12.30 22:15,46.19,46.21,46.11,46.21,82
2016.12.30 22:30,46.22,46.27,46.18,46.18,64
2016.12.30 22:45,46.19,46.34,46.17,46.32,124
2017.01.03 16:30,46.70,47.05,46.19,47.01,340
2017.01.03 16:45,47.01,47.28,46.93,47.14,237
2017.01.03 17:00,47.11,47.51,47.06,47.40,200
2017.01.03 17:15,47.37,47.37,47.20,47.20,105
2017.01.03 17:30,47.21,47.30,47.14,47.16,107
2017.01.03 17:45,47.20,47.27,47.06,47.11,137
2017.01.03 18:00,47.10,47.30,47.08,47.30,108
2017.01.03 18:15,47.28,47.45,47.26,47.38,153
2017.01.03 18:30,47.41,47.45,47.15,47.17,110
2017.01.03 18:45,47.17,47.34,47.17,47.33,80
2017.01.03 19:00,47.34,47.43,47.25,47.40,84
2017.01.03 19:15,47.39,47.45,47.37,47.40,74
2017.01.03 19:30,47.40,47.45,47.37,47.43,107
2017.01.03 19:45,47.44,47.61,47.39,47.50,117
2017.01.03 20:00,47.49,47.51,47.37,47.41,76
2017.01.03 20:15,47.40,47.50,47.38,47.39,34
2017.01.03 20:30,47.40,47.51,47.35,47.40,125
2017.01.03 20:45,47.39,47.41,47.37,47.38,45
2017.01.03 21:00,47.39,47.45,47.39,47.42,47
2017.01.03 21:15,47.41,47.41,47.14,47.14,83
2017.01.03 21:30,47.15,47.29,47.15,47.26,53
2017.01.03 21:45,47.25,47.34,47.25,47.26,59
2017.01.03 22:00,47.27,47.34,47.25,47.31,62
2017.01.03 22:15,47.32,47.34,47.28,47.28,62
2017.01.03 22:30,47.27,47.37,47.20,47.37,114
2017.01.03 22:45,47.38,47.48,47.38,47.46,60
2017.01.04 16:30,48.01,48.12,47.69,48.02,239
2017.01.04 16:45,48.03,48.62,48.03,48.49,242
2017.01.04 17:00,48.50,48.58,48.29,48.41,157
2017.01.04 17:15,48.43,48.63,48.42,48.53,91
2017.01.04 17:30,48.54,48.72,48.53,48.68,67
2017.01.04 17:45,48.67,48.79,48.66,48.78,113
2017.01.04 18:00,48.79,48.79,48.61,48.68,91
2017.01.04 18:15,48.69,48.85,48.65,48.85,88
2017.01.04 18:30,48.87,48.97,48.82,48.94,108
2017.01.04 18:45,48.96,48.97,48.85,48.90,67
2017.01.04 19:00,48.90,48.90,48.63,48.63,67
2017.01.04 19:15,48.64,48.84,48.62,48.72,88
2017.01.04 19:30,48.71,48.79,48.50,48.78,112
2017.01.04 19:45,48.79,48.80,48.49,48.49,70
2017.01.04 20:00,48.51,48.65,48.46,48.61,132
2017.01.04 20:15,48.60,48.65,48.58,48.60,46
2017.01.04 20:30,48.59,48.65,48.58,48.65,33
2017.01.04 20:45,48.64,48.64,48.58,48.59,47
2017.01.04 21:00,48.60,48.63,48.58,48.61,65
2017.01.04 21:15,48.61,48.68,48.60,48.65,91
2017.01.04 21:30,48.64,48.67,48.56,48.64,108
2017.01.04 21:45,48.63,48.68,48.61,48.68,85
2017.01.04 22:00,48.67,48.77,48.65,48.76,93
2017.01.04 22:15,48.75,48.88,48.71,48.88,72
2017.01.04 22:30,48.90,48.93,48.80,48.80,103
2017.01.04 22:45,48.81,48.86,48.71,48.83,202
2017.01.05 16:30,48.95,49.52,48.86,49.49,305
2017.01.05 16:45,49.49,49.73,49.45,49.54,177
2017.01.05 17:00,49.53,49.55,49.27,49.37,137
2017.01.05 17:15,49.41,49.47,49.26,49.32,94
2017.01.05 17:30,49.30,49.48,49.09,49.40,155
2017.01.05 17:45,49.40,49.55,49.37,49.39,135
2017.01.05 18:00,49.35,49.43,49.31,49.32,127
2017.01.05 18:15,49.33,49.34,49.14,49.17,148
2017.01.05 18:30,49.18,49.25,48.98,49.05,105
2017.01.05 18:45,49.03,49.03,48.83,48.84,103
2017.01.05 19:00,48.83,49.01,48.83,48.90,120
2017.01.05 19:15,48.90,48.94,48.88,48.89,68
2017.01.05 19:30,48.88,49.01,48.87,49.00,61
2017.01.05 19:45,48.99,49.08,48.98,49.00,60
2017.01.05 20:00,49.02,49.18,49.01,49.12,92
2017.01.05 20:15,49.13,49.23,49.13,49.20,70
2017.01.05 20:30,49.19,49.23,49.10,49.14,84
2017.01.05 20:45,49.13,49.16,49.05,49.11,68
2017.01.05 21:00,49.13,49.15,49.04,49.10,71
2017.01.05 21:15,49.11,49.15,49.02,49.12,104
2017.01.05 21:30,49.13,49.15,49.03,49.09,87
2017.01.05 21:45,49.10,49.23,49.10,49.21,58
2017.01.05 22:00,49.18,49.24,49.13,49.15,64
2017.01.05 22:15,49.16,49.25,49.16,49.23,82
2017.01.05 22:30,49.24,49.39,49.21,49.21,87
2017.01.05 22:45,49.22,49.26,49.09,49.16,233
2017.01.06 16:30,49.04,49.12,48.63,48.71,228
2017.01.06 16:45,48.73,48.89,48.53,48.73,212
2017.01.06 17:00,48.74,48.92,48.67,48.90,142
2017.01.06 17:15,48.87,49.38,48.86,49.23,176
2017.01.06 17:30,49.23,49.36,49.16,49.36,122
2017.01.06 17:45,49.36,49.62,49.36,49.47,98
2017.01.06 18:00,49.50,49.54,49.40,49.48,64
2017.01.06 18:15,49.50,49.77,49.47,49.74,154
2017.01.06 18:30,49.75,49.75,49.63,49.67,64
2017.01.06 18:45,49.69,49.71,49.62,49.66,54
2017.01.06 19:00,49.64,49.87,49.63,49.85,87
2017.01.06 19:15,49.88,50.07,49.86,50.07,134
2017.01.06 19:30,50.08,50.19,50.07,50.13,63
2017.01.06 19:45,50.15,50.33,50.13,50.27,89
2017.01.06 20:00,50.26,50.39,50.24,50.31,89
2017.01.06 20:15,50.30,50.40,50.28,50.34,83
2017.01.06 20:30,50.32,50.43,50.30,50.42,73
2017.01.06 20:45,50.43,50.50,50.36,50.47,68
2017.01.06 21:00,50.48,50.81,50.45,50.54,145
2017.01.06 21:15,50.58,50.86,50.58,50.78,109
2017.01.06 21:30,50.78,50.80,50.70,50.78,31
2017.01.06 21:45,50.77,50.83,50.66,50.80,53
2017.01.06 22:00,50.76,50.99,50.75,50.96,66
2017.01.06 22:15,50.97,51.01,50.76,50.76,96
2017.01.06 22:30,50.77,50.87,50.70,50.75,98
2017.01.06 22:45,50.76,50.84,50.69,50.74,113
2017.01.09 16:30,51.25,51.32,50.96,51.15,179
2017.01.09 16:45,51.19,51.19,50.68,50.69,147
2017.01.09 17:00,50.67,50.82,50.61,50.74,145
2017.01.09 17:15,50.75,51.12,50.74,50.80,181
2017.01.09 17:30,50.79,50.87,50.40,50.67,143
2017.01.09 17:45,50.65,50.70,50.51,50.65,112
2017.01.09 18:00,50.65,50.78,50.57,50.61,111
2017.01.09 18:15,50.62,50.80,50.59,50.63,97
2017.01.09 18:30,50.65,50.73,50.51,50.52,110
2017.01.09 18:45,50.53,50.53,50.41,50.42,70
2017.01.09 19:00,50.41,50.69,50.38,50.68,73
2017.01.09 19:15,50.68,50.68,50.49,50.59,72
2017.01.09 19:30,50.61,50.68,50.61,50.62,50
2017.01.09 19:45,50.60,50.72,50.60,50.64,62
2017.01.09 20:00,50.63,50.72,50.60,50.69,74
2017.01.09 20:15,50.70,50.76,50.66,50.67,57
2017.01.09 20:30,50.68,50.76,50.65,50.67,69
2017.01.09 20:45,50.66,50.78,50.61,50.67,130
2017.01.09 21:00,50.71,50.74,50.62,50.71,81
2017.01.09 21:15,50.71,50.93,50.70,50.91,128
2017.01.09 21:30,50.95,51.01,50.84,50.97,133
2017.01.09 21:45,50.97,51.08,50.83,50.85,127
2017.01.09 22:00,50.83,50.91,50.79,50.89,84
2017.01.09 22:15,50.90,50.96,50.87,50.89,65
2017.01.09 22:30,50.92,51.05,50.86,50.86,140
2017.01.09 22:45,50.85,51.08,50.85,50.87,261
2017.01.10 16:30,51.01,51.02,50.28,50.33,266
2017.01.10 16:45,50.34,50.73,50.30,50.70,141
2017.01.10 17:00,50.70,50.70,50.22,50.34,149
2017.01.10 17:15,50.36,50.50,50.24,50.49,153
2017.01.10 17:30,50.50,50.66,50.50,50.50,152
2017.01.10 17:45,50.47,50.50,50.30,50.31,125
2017.01.10 18:00,50.33,50.44,50.26,50.41,124
2017.01.10 18:15,50.41,50.63,50.40,50.59,89
2017.01.10 18:30,50.58,50.85,50.57,50.85,61
2017.01.10 18:45,50.85,50.87,50.64,50.72,121
2017.01.10 19:00,50.74,50.92,50.72,50.92,76
2017.01.10 19:15,50.96,51.05,50.93,51.01,94
2017.01.10 19:30,51.02,51.25,51.01,51.10,124
2017.01.10 19:45,51.11,51.29,51.10,51.29,101
2017.01.10 20:00,51.30,51.78,51.30,51.74,226
2017.01.10 20:15,51.73,51.83,51.63,51.67,143
2017.01.10 20:30,51.66,51.85,51.62,51.62,107
2017.01.10 20:45,51.62,51.62,51.16,51.16,163
2017.01.10 21:00,51.17,51.32,51.11,51.27,83
2017.01.10 21:15,51.23,51.29,51.22,51.25,70
2017.01.10 21:30,51.24,51.29,51.14,51.29,61
2017.01.10 21:45,51.28,51.28,51.06,51.06,67
2017.01.10 22:00,51.05,51.07,51.00,51.01,73
2017.01.10 22:15,51.04,51.04,50.90,50.91,80
2017.01.10 22:30,50.92,51.17,50.90,51.17,83
2017.01.10 22:45,51.16,51.47,51.15,51.27,264
2017.01.11 16:30,51.27,51.47,50.86,51.12,277
2017.01.11 16:45,51.12,51.44,50.96,51.43,218
2017.01.11 17:00,51.45,51.88,51.45,51.62,320
2017.01.11 17:15,51.60,51.69,51.51,51.65,152
2017.01.11 17:30,51.62,51.80,51.58,51.66,149
2017.01.11 17:45,51.65,51.66,51.48,51.54,139
2017.01.11 18:00,51.55,51.55,51.40,51.49,158
2017.01.11 18:15,51.48,51.54,51.17,51.26,239
2017.01.11 18:30,51.26,51.29,50.99,51.29,227
2017.01.11 18:45,51.30,51.59,51.29,51.54,112
2017.01.11 19:00,51.55,51.55,51.41,51.46,90
2017.01.11 19:15,51.47,51.47,51.24,51.34,91
2017.01.11 19:30,51.35,51.38,50.98,51.01,123
2017.01.11 19:45,50.99,51.12,50.98,51.09,55
2017.01.11 20:00,51.10,51.12,50.80,50.87,110
2017.01.11 20:15,50.88,50.99,50.84,50.91,100
2017.01.11 20:30,50.91,51.06,50.89,50.96,159
2017.01.11 20:45,50.98,51.16,50.98,51.10,107
2017.01.11 21:00,51.12,51.23,51.12,51.21,84
2017.01.11 21:15,51.22,51.27,51.17,51.25,84
2017.01.11 21:30,51.26,51.56,51.25,51.53,113
2017.01.11 21:45,51.51,51.62,51.46,51.59,121
2017.01.11 22:00,51.56,51.59,51.44,51.54,88
2017.01.11 22:15,51.56,51.60,51.51,51.57,61
2017.01.11 22:30,51.58,51.64,51.54,51.54,96
2017.01.11 22:45,51.56,51.64,51.55,51.60,113
2017.01.12 16:30,51.66,51.85,51.34,51.40,281
2017.01.12 16:45,51.35,52.32,51.34,51.50,610
2017.01.12 17:00,51.55,51.57,51.15,51.19,302
2017.01.12 17:15,51.18,51.22,50.90,51.07,207
2017.01.12 17:30,51.07,51.29,50.99,51.27,141
2017.01.12 17:45,51.24,51.27,50.87,50.88,198
2017.01.12 18:00,50.87,50.98,50.79,50.96,210
2017.01.12 18:15,50.97,51.17,50.92,51.01,268
2017.01.12 18:30,51.02,51.16,50.97,51.04,120
2017.01.12 18:45,51.02,51.05,50.82,50.89,94
2017.01.12 19:00,50.89,51.11,50.88,51.11,135
2017.01.12 19:15,51.12,51.28,51.06,51.26,185
2017.01.12 19:30,51.28,51.54,51.11,51.38,266
2017.01.12 19:45,51.37,51.39,51.14,51.21,101
2017.01.12 20:00,51.22,51.39,51.17,51.27,123
2017.01.12 20:15,51.26,51.49,51.24,51.41,88
2017.01.12 20:30,51.40,51.40,51.28,51.28,59
2017.01.12 20:45,51.27,51.82,51.25,51.48,315
2017.01.12 21:00,51.48,51.58,51.48,51.50,106
2017.01.12 21:15,51.49,51.55,51.45,51.52,95
2017.01.12 21:30,51.53,51.63,51.53,51.59,98
2017.01.12 21:45,51.58,51.77,51.51,51.71,148
2017.01.12 22:00,51.70,51.76,51.59,51.72,135
2017.01.12 22:15,51.70,51.86,51.57,51.83,201
2017.01.12 22:30,51.81,52.18,51.81,51.93,263
2017.01.12 22:45,51.94,51.94,51.82,51.85,128
2017.01.13 16:30,52.17,52.68,51.99,52.53,309
2017.01.13 16:45,52.57,52.64,52.23,52.50,223
2017.01.13 17:00,52.51,52.58,52.37,52.40,163
2017.01.13 17:15,52.43,52.52,52.33,52.43,149
2017.01.13 17:30,52.44,52.50,52.30,52.39,118
2017.01.13 17:45,52.37,52.49,52.34,52.47,85
2017.01.13 18:00,52.48,52.61,52.39,52.59,111
2017.01.13 18:15,52.59,52.81,52.59,52.81,98
2017.01.13 18:30,52.82,53.04,52.81,52.96,117
2017.01.13 18:45,52.97,53.07,52.88,53.03,76
2017.01.13 19:00,53.04,53.13,52.96,53.11,69
2017.01.13 19:15,53.10,53.28,52.98,53.15,94
2017.01.13 19:30,53.16,53.24,53.11,53.22,98
2017.01.13 19:45,53.21,53.27,53.20,53.21,51
2017.01.13 20:00,53.24,53.24,53.02,53.03,57
2017.01.13 20:15,53.01,53.08,52.96,52.96,59
2017.01.13 20:30,52.96,53.02,52.85,52.90,41
2017.01.13 20:45,52.92,53.05,52.92,53.02,40
2017.01.13 21:00,53.03,53.03,52.92,52.93,40
2017.01.13 21:15,52.92,52.96,52.81,52.91,58
2017.01.13 21:30,52.92,53.02,52.92,52.98,43
2017.01.13 21:45,52.99,53.08,52.97,53.05,41
2017.01.13 22:00,53.02,53.05,52.96,53.00,27
2017.01.13 22:15,52.99,53.03,52.96,52.97,44
2017.01.13 22:30,53.00,53.00,52.94,52.96,40
2017.01.13 22:45,52.95,52.96,52.75,52.90,118
2017.01.17 16:30,52.72,53.48,52.68,52.95,449
2017.01.17 16:45,52.94,53.20,52.90,52.95,428
2017.01.17 17:00,52.95,53.29,52.72,53.23,410
2017.01.17 17:15,53.21,53.42,53.03,53.19,256
2017.01.17 17:30,53.20,53.46,53.18,53.20,216
2017.01.17 17:45,53.21,53.21,52.94,53.15,203
2017.01.17 18:00,53.15,53.17,53.01,53.02,184
2017.01.17 18:15,53.04,53.14,52.98,53.11,209
2017.01.17 18:30,53.12,53.12,53.00,53.02,147
2017.01.17 18:45,53.04,53.12,53.01,53.07,104
2017.01.17 19:00,53.08,53.12,52.88,52.90,127
2017.01.17 19:15,52.91,53.22,52.91,53.19,206
2017.01.17 19:30,53.19,53.31,53.16,53.19,277
2017.01.17 19:45,53.20,53.23,53.15,53.18,61
2017.01.17 20:00,53.17,53.21,53.10,53.14,107
2017.01.17 20:15,53.16,53.18,53.07,53.07,62
2017.01.17 20:30,53.07,53.07,52.85,52.85,89
2017.01.17 20:45,52.84,52.85,52.60,52.68,89
2017.01.17 21:00,52.69,52.93,52.66,52.83,97
2017.01.17 21:15,52.81,52.82,52.58,52.58,91
2017.01.17 21:30,52.60,52.60,52.36,52.43,110
2017.01.17 21:45,52.44,52.50,52.38,52.43,72
2017.01.17 22:00,52.42,52.50,52.36,52.49,88
2017.01.17 22:15,52.50,52.60,52.46,52.58,93
2017.01.17 22:30,52.59,52.67,52.48,52.50,72
2017.01.17 22:45,52.51,52.60,52.47,52.55,111
2017.01.18 16:30,52.99,53.15,52.59,53.07,332
2017.01.18 16:45,53.06,53.19,52.78,53.10,187
2017.01.18 17:00,53.10,53.36,53.06,53.09,154
2017.01.18 17:15,53.14,53.19,53.03,53.05,159
2017.01.18 17:30,53.02,53.04,52.84,52.84,98
2017.01.18 17:45,52.85,52.87,52.48,52.57,119
2017.01.18 18:00,52.59,52.80,52.58,52.80,124
2017.01.18 18:15,52.81,52.81,52.61,52.69,123
2017.01.18 18:30,52.68,52.73,52.52,52.55,83
2017.01.18 18:45,52.57,52.60,52.43,52.46,85
2017.01.18 19:00,52.46,52.65,52.46,52.65,75
2017.01.18 19:15,52.64,52.66,52.55,52.57,89
2017.01.18 19:30,52.58,52.71,52.56,52.70,90
2017.01.18 19:45,52.68,52.75,52.59,52.59,111
2017.01.18 20:00,52.60,52.63,52.49,52.49,67
2017.01.18 20:15,52.50,52.64,52.50,52.56,63
2017.01.18 20:30,52.57,52.64,52.52,52.56,52
2017.01.18 20:45,52.54,52.57,52.48,52.48,50
2017.01.18 21:00,52.47,52.53,52.47,52.52,53
2017.01.18 21:15,52.53,52.55,52.49,52.51,48
2017.01.18 21:30,52.53,52.55,52.50,52.54,51
2017.01.18 21:45,52.55,52.62,52.54,52.59,50
2017.01.18 22:00,52.60,52.60,52.52,52.55,41
2017.01.18 22:15,52.56,52.67,52.53,52.66,68
2017.01.18 22:30,52.67,52.81,52.67,52.79,72
2017.01.18 22:45,52.82,52.88,52.75,52.85,71
2017.01.19 16:30,53.03,53.03,52.60,52.73,130
2017.01.19 16:45,52.74,52.92,52.72,52.81,127
2017.01.19 17:00,52.82,52.88,52.73,52.74,80
2017.01.19 17:15,52.73,52.78,52.71,52.73,69
2017.01.19 17:30,52.73,52.78,52.72,52.74,48
2017.01.19 17:45,52.73,52.75,52.51,52.53,63
2017.01.19 18:00,52.52,52.52,52.24,52.28,161
2017.01.19 18:15,52.29,52.30,52.18,52.19,65
2017.01.19 18:30,52.19,52.28,52.09,52.28,66
2017.01.19 18:45,52.27,52.30,52.19,52.21,78
2017.01.19 19:00,52.20,52.27,52.12,52.23,78
2017.01.19 19:15,52.23,52.26,52.12,52.12,58
2017.01.19 19:30,52.13,52.20,52.06,52.11,87
2017.01.19 19:45,52.12,52.13,52.07,52.09,42
2017.01.19 20:00,52.08,52.10,51.86,51.86,95
2017.01.19 20:15,51.87,51.88,51.70,51.75,141
2017.01.19 20:30,51.75,51.81,51.69,51.77,87
2017.01.19 20:45,51.78,51.90,51.76,51.84,63
2017.01.19 21:00,51.83,51.83,51.57,51.57,114
2017.01.19 21:15,51.58,51.76,51.58,51.76,89
2017.01.19 21:30,51.73,52.08,51.73,52.07,158
2017.01.19 21:45,52.08,52.11,51.97,51.97,60
2017.01.19 22:00,51.95,52.04,51.93,51.98,48
2017.01.19 22:15,52.00,52.18,52.00,52.15,67
2017.01.19 22:30,52.19,52.19,52.05,52.07,71
2017.01.19 22:45,52.06,52.15,52.03,52.11,89
2017.01.20 16:30,52.62,52.81,52.38,52.53,410
2017.01.20 16:45,52.54,52.54,51.94,51.94,313
2017.01.20 17:00,51.93,51.95,51.54,51.55,262
2017.01.20 17:15,51.56,51.60,51.25,51.50,233
2017.01.20 17:30,51.51,51.67,51.50,51.56,174
2017.01.20 17:45,51.58,51.80,51.53,51.72,142
2017.01.20 18:00,51.73,51.80,51.56,51.68,139
2017.01.20 18:15,51.69,51.86,51.64,51.64,121
2017.01.20 18:30,51.62,51.83,51.62,51.68,139
2017.01.20 18:45,51.69,51.81,51.67,51.76,75
2017.01.20 19:00,51.77,51.78,51.46,51.50,256
2017.01.20 19:15,51.50,51.79,51.46,51.73,243
2017.01.20 19:30,51.73,51.76,51.45,51.76,235
2017.01.20 19:45,51.74,51.75,51.49,51.58,264
2017.01.20 20:00,51.60,51.68,51.58,51.66,136
2017.01.20 20:15,51.65,51.78,51.65,51.76,122
2017.01.20 20:30,51.77,51.80,51.63,51.67,83
2017.01.20 20:45,51.68,51.76,51.62,51.64,105
2017.01.20 21:00,51.65,51.69,51.62,51.63,59
2017.01.20 21:15,51.64,51.68,51.57,51.60,70
2017.01.20 21:30,51.61,51.67,51.54,51.65,82
2017.01.20 21:45,51.64,51.74,51.64,51.66,50
2017.01.20 22:00,51.64,51.77,51.63,51.70,81
2017.01.20 22:15,51.69,51.69,51.54,51.60,73
2017.01.20 22:30,51.61,51.74,51.60,51.68,65
2017.01.20 22:45,51.72,51.84,51.69,51.80,107
2017.01.23 16:30,51.41,51.76,50.91,51.60,382
2017.01.23 16:45,51.60,51.70,51.35,51.49,186
2017.01.23 17:00,51.50,51.72,51.37,51.42,196
2017.01.23 17:15,51.43,51.51,51.34,51.49,108
2017.01.23 17:30,51.48,51.64,51.40,51.63,170
2017.01.23 17:45,51.64,51.64,51.47,51.60,177
2017.01.23 18:00,51.62,51.72,51.44,51.44,205
2017.01.23 18:15,51.44,51.48,51.36,51.44,117
2017.01.23 18:30,51.43,51.46,51.32,51.40,80
2017.01.23 18:45,51.40,51.46,51.23,51.46,131
2017.01.23 19:00,51.44,51.51,51.32,51.48,82
2017.01.23 19:15,51.46,51.60,51.43,51.52,97
2017.01.23 19:30,51.53,51.59,51.48,51.54,128
2017.01.23 19:45,51.53,51.65,51.51,51.64,48
2017.01.23 20:00,51.65,51.76,51.59,51.65,91
2017.01.23 20:15,51.66,51.77,51.62,51.66,90
2017.01.23 20:30,51.69,51.79,51.59,51.68,149
2017.01.23 20:45,51.69,51.72,51.51,51.59,153
2017.01.23 21:00,51.59,51.65,51.46,51.48,102
2017.01.23 21:15,51.47,51.48,51.39,51.48,78
2017.01.23 21:30,51.47,51.48,51.43,51.47,49
2017.01.23 21:45,51.48,51.49,51.45,51.47,49
2017.01.23 22:00,51.45,51.52,51.42,51.43,53
2017.01.23 22:15,51.44,51.59,51.42,51.49,56
2017.01.23 22:30,51.48,51.58,51.43,51.45,58
2017.01.23 22:45,51.46,51.53,51.33,51.34,99
2017.01.24 16:30,51.42,51.42,50.90,51.00,240
2017.01.24 16:45,51.01,51.17,51.00,51.02,168
2017.01.24 17:00,51.04,51.09,50.83,50.89,156
2017.01.24 17:15,50.89,50.90,50.75,50.85,194
2017.01.24 17:30,50.84,50.98,50.81,50.95,155
2017.01.24 17:45,50.96,50.99,50.84,50.84,97
2017.01.24 18:00,50.84,51.17,50.84,51.16,160
2017.01.24 18:15,51.18,51.29,51.14,51.29,128
2017.01.24 18:30,51.30,51.54,51.30,51.48,126
2017.01.24 18:45,51.46,51.49,51.31,51.49,131
2017.01.24 19:00,51.49,51.62,51.47,51.61,100
2017.01.24 19:15,51.62,51.62,51.48,51.48,154
2017.01.24 19:30,51.49,51.50,51.39,51.46,112
2017.01.24 19:45,51.47,51.53,51.43,51.49,92
2017.01.24 20:00,51.50,51.57,51.49,51.52,89
2017.01.24 20:15,51.53,51.54,51.47,51.53,54
2017.01.24 20:30,51.55,51.77,51.55,51.73,106
2017.01.24 20:45,51.73,51.84,51.69,51.77,74
2017.01.24 21:00,51.76,52.08,51.72,52.08,138
2017.01.24 21:15,52.09,52.34,52.08,52.23,150
2017.01.24 21:30,52.22,52.35,52.17,52.25,175
2017.01.24 21:45,52.24,52.36,52.22,52.22,118
2017.01.24 22:00,52.19,52.28,52.12,52.13,103
2017.01.24 22:15,52.14,52.19,52.07,52.15,99
2017.01.24 22:30,52.14,52.16,52.09,52.15,80
2017.01.24 22:45,52.14,52.22,52.07,52.09,84
2017.01.25 16:30,52.43,52.65,52.19,52.40,239
2017.01.25 16:45,52.40,52.43,52.12,52.43,191
2017.01.25 17:00,52.44,52.44,52.01,52.15,150
2017.01.25 17:15,52.16,52.35,52.16,52.35,52
2017.01.25 17:30,52.36,52.45,52.36,52.44,50
2017.01.25 17:45,52.45,52.46,52.37,52.43,59
2017.01.25 18:00,52.46,52.81,52.41,52.73,163
2017.01.25 18:15,52.71,52.79,52.64,52.67,96
2017.01.25 18:30,52.66,52.67,52.51,52.58,73
2017.01.25 18:45,52.59,52.60,52.47,52.57,70
2017.01.25 19:00,52.56,52.64,52.52,52.58,70
2017.01.25 19:15,52.59,52.68,52.56,52.67,79
2017.01.25 19:30,52.69,52.70,52.55,52.58,51
2017.01.25 19:45,52.59,52.71,52.59,52.69,48
2017.01.25 20:00,52.68,52.72,52.60,52.61,78
2017.01.25 20:15,52.63,52.81,52.55,52.78,110
2017.01.25 20:30,52.79,52.79,52.68,52.70,129
2017.01.25 20:45,52.70,52.70,52.57,52.57,52
2017.01.25 21:00,52.57,52.69,52.56,52.64,54
2017.01.25 21:15,52.65,52.67,52.52,52.57,96
2017.01.25 21:30,52.55,52.57,52.47,52.49,50
2017.01.25 21:45,52.50,52.52,52.46,52.51,53
2017.01.25 22:00,52.48,52.68,52.48,52.67,62
2017.01.25 22:15,52.66,52.68,52.59,52.65,71
2017.01.25 22:30,52.64,52.70,52.59,52.70,69
2017.01.25 22:45,52.69,52.71,52.59,52.60,100
2017.01.26 16:30,52.60,52.74,52.49,52.73,160
2017.01.26 16:45,52.74,52.75,52.56,52.68,128
2017.01.26 17:00,52.69,52.83,52.64,52.70,122
2017.01.26 17:15,52.70,52.70,52.37,52.38,161
2017.01.26 17:30,52.39,52.58,52.36,52.47,191
2017.01.26 17:45,52.46,52.58,52.41,52.45,132
2017.01.26 18:00,52.45,52.47,52.30,52.36,105
2017.01.26 18:15,52.36,52.50,52.30,52.50,72
2017.01.26 18:30,52.47,52.58,52.43,52.44,107
2017.01.26 18:45,52.41,52.49,52.39,52.39,75
2017.01.26 19:00,52.39,52.49,52.35,52.48,87
2017.01.26 19:15,52.49,52.50,52.45,52.45,38
2017.01.26 19:30,52.46,52.46,52.33,52.33,73
2017.01.26 19:45,52.32,52.35,52.25,52.29,68
2017.01.26 20:00,52.30,52.37,52.23,52.32,79
2017.01.26 20:15,52.33,52.37,52.26,52.28,108
2017.01.26 20:30,52.27,52.31,52.23,52.24,83
2017.01.26 20:45,52.23,52.30,52.21,52.27,72
2017.01.26 21:00,52.26,52.33,52.26,52.33,60
2017.01.26 21:15,52.32,52.35,52.25,52.27,52
2017.01.26 21:30,52.28,52.31,52.26,52.28,51
2017.01.26 21:45,52.26,52.27,52.18,52.21,66
2017.01.26 22:00,52.18,52.18,52.07,52.12,71
2017.01.26 22:15,52.11,52.13,52.04,52.06,82
2017.01.26 22:30,52.05,52.13,52.05,52.08,74
2017.01.26 22:45,52.09,52.17,52.08,52.13,108
2017.01.27 16:30,52.19,52.19,51.63,51.91,205
2017.01.27 16:45,51.91,51.96,51.70,51.72,142
2017.01.27 17:00,51.73,52.08,51.73,51.98,191
2017.01.27 17:15,51.98,52.10,51.84,52.00,147
2017.01.27 17:30,52.01,52.06,51.93,52.05,97
2017.01.27 17:45,52.06,52.08,51.89,51.94,133
2017.01.27 18:00,51.95,51.99,51.81,51.88,104
2017.01.27 18:15,51.86,51.93,51.80,51.92,52
2017.01.27 18:30,51.91,51.95,51.81,51.91,63
2017.01.27 18:45,51.92,52.09,51.92,52.04,84
2017.01.27 19:00,52.03,52.09,51.96,51.96,153
2017.01.27 19:15,51.97,52.09,51.93,52.01,44
2017.01.27 19:30,52.01,52.01,51.91,51.98,67
2017.01.27 19:45,51.99,52.15,51.94,52.14,77
2017.01.27 20:00,52.14,52.14,52.02,52.03,82
2017.01.27 20:15,52.02,52.02,51.91,51.95,60
2017.01.27 20:30,51.96,51.98,51.95,51.97,46
2017.01.27 20:45,51.99,52.01,51.92,51.94,77
2017.01.27 21:00,51.94,52.02,51.92,51.96,64
2017.01.27 21:15,51.97,52.00,51.84,51.84,47
2017.01.27 21:30,51.83,51.97,51.79,51.95,80
2017.01.27 21:45,51.96,51.98,51.90,51.92,49
2017.01.27 22:00,51.89,51.94,51.84,51.92,75
2017.01.27 22:15,51.93,51.95,51.86,51.87,46
2017.01.27 22:30,51.86,51.95,51.85,51.94,35
2017.01.27 22:45,51.95,51.95,51.90,51.93,106
2017.01.30 16:30,51.84,51.86,51.39,51.45,239
2017.01.30 16:45,51.45,51.64,51.22,51.51,133
2017.01.30 17:00,51.51,51.59,51.30,51.36,221
2017.01.30 17:15,51.38,51.67,51.28,51.63,190
2017.01.30 17:30,51.66,51.70,51.48,51.52,110
2017.01.30 17:45,51.50,51.50,51.22,51.25,175
2017.01.30 18:00,51.26,51.51,51.25,51.50,179
2017.01.30 18:15,51.50,51.72,51.46,51.67,93
2017.01.30 18:30,51.68,51.81,51.57,51.79,108
2017.01.30 18:45,51.78,51.89,51.77,51.85,88
2017.01.30 19:00,51.86,52.00,51.86,51.89,85
2017.01.30 19:15,51.89,51.90,51.80,51.81,80
2017.01.30 19:30,51.79,51.86,51.78,51.84,101
2017.01.30 19:45,51.82,51.91,51.80,51.84,104
2017.01.30 20:00,51.85,51.99,51.80,51.97,107
2017.01.30 20:15,51.96,52.01,51.91,51.94,83
2017.01.30 20:30,51.95,51.97,51.88,51.92,51
2017.01.30 20:45,51.92,52.03,51.89,51.97,65
2017.01.30 21:00,51.98,52.02,51.95,51.98,67
2017.01.30 21:15,51.99,52.15,51.94,52.13,105
2017.01.30 21:30,52.11,52.13,52.07,52.08,39
2017.01.30 21:45,52.09,52.13,52.05,52.12,48
2017.01.30 22:00,52.10,52.11,52.05,52.05,55
2017.01.30 22:15,52.06,52.07,52.00,52.00,60
2017.01.30 22:30,52.01,52.07,52.01,52.07,55
2017.01.30 22:45,52.08,52.27,52.08,52.18,115
2017.01.31 16:30,51.93,52.33,51.89,52.13,310
2017.01.31 16:45,52.13,52.18,51.96,52.05,168
2017.01.31 17:00,52.06,52.08,51.82,52.08,194
2017.01.31 17:15,52.09,52.47,52.09,52.37,222
2017.01.31 17:30,52.36,52.37,52.07,52.12,146
2017.01.31 17:45,52.14,52.16,51.87,51.89,131
2017.01.31 18:00,51.89,52.04,51.87,52.04,144
2017.01.31 18:15,52.05,52.07,51.84,51.85,184
2017.01.31 18:30,51.86,51.95,51.78,51.93,127
2017.01.31 18:45,51.93,51.95,51.87,51.91,64
2017.01.31 19:00,51.92,51.94,51.86,51.91,59
2017.01.31 19:15,51.91,52.16,51.90,52.13,140
2017.01.31 19:30,52.14,52.28,52.11,52.27,136
2017.01.31 19:45,52.29,52.29,52.18,52.22,130
2017.01.31 20:00,52.24,52.29,52.19,52.27,85
2017.01.31 20:15,52.26,52.35,52.24,52.31,56
2017.01.31 20:30,52.30,52.35,52.28,52.33,33
2017.01.31 20:45,52.32,52.36,52.27,52.30,33
2017.01.31 21:00,52.29,52.46,52.29,52.46,49
2017.01.31 21:15,52.45,53.16,52.45,52.83,365
2017.01.31 21:30,52.85,52.96,52.77,52.92,144
2017.01.31 21:45,52.91,52.91,52.77,52.82,141
2017.01.31 22:00,52.79,52.83,52.72,52.74,101
2017.01.31 22:15,52.75,52.94,52.72,52.84,128
2017.01.31 22:30,52.85,52.94,52.80,52.90,197
2017.01.31 22:45,52.91,52.91,52.79,52.86,254
2017.02.01 16:30,53.27,53.40,52.11,52.13,404
2017.02.01 16:45,52.12,52.20,51.83,51.91,308
2017.02.01 17:00,51.91,51.95,51.51,51.84,306
2017.02.01 17:15,51.85,52.14,51.85,51.92,206
2017.02.01 17:30,51.92,51.95,51.68,51.71,131
2017.02.01 17:45,51.72,51.87,51.68,51.73,157
2017.02.01 18:00,51.73,51.93,51.71,51.90,122
2017.02.01 18:15,51.91,51.93,51.76,51.78,108
2017.02.01 18:30,51.79,51.89,51.77,51.84,88
2017.02.01 18:45,51.82,51.89,51.74,51.83,102
2017.02.01 19:00,51.84,51.89,51.75,51.81,79
2017.02.01 19:15,51.82,51.82,51.75,51.78,38
2017.02.01 19:30,51.80,51.88,51.72,51.86,59
2017.02.01 19:45,51.87,51.93,51.73,51.78,133
2017.02.01 20:00,51.78,51.91,51.76,51.78,66
2017.02.01 20:15,51.79,51.86,51.71,51.72,95
2017.02.01 20:30,51.73,51.85,51.71,51.81,88
2017.02.01 20:45,51.82,51.84,51.74,51.82,98
2017.02.01 21:00,51.81,51.97,51.73,51.92,264
2017.02.01 21:15,51.93,51.97,51.81,51.84,142
2017.02.01 21:30,51.82,51.83,51.63,51.65,125
2017.02.01 21:45,51.64,51.78,51.64,51.72,130
2017.02.01 22:00,51.70,51.71,51.58,51.60,82
2017.02.01 22:15,51.61,51.73,51.60,51.72,65
2017.02.01 22:30,51.71,51.79,51.70,51.78,57
2017.02.01 22:45,51.79,51.84,51.74,51.81,142
2017.02.02 16:30,51.81,51.88,51.29,51.79,152
2017.02.02 16:45,51.79,52.02,51.74,51.92,148
2017.02.02 17:00,51.93,51.98,51.78,51.86,192
2017.02.02 17:15,51.86,52.05,51.75,52.00,149
2017.02.02 17:30,52.01,52.37,52.01,52.33,167
2017.02.02 17:45,52.35,52.70,52.26,52.65,233
2017.02.02 18:00,52.66,52.71,52.54,52.54,134
2017.02.02 18:15,52.56,52.66,52.53,52.54,126
2017.02.02 18:30,52.52,52.53,52.39,52.49,125
2017.02.02 18:45,52.52,52.62,52.30,52.30,214
2017.02.02 19:00,52.30,52.40,52.24,52.30,117
2017.02.02 19:15,52.28,52.37,52.27,52.30,82
2017.02.02 19:30,52.31,52.34,52.23,52.31,74
2017.02.02 19:45,52.30,52.40,52.20,52.25,89
2017.02.02 20:00,52.27,52.38,52.25,52.30,80
2017.02.02 20:15,52.29,52.30,52.19,52.20,70
2017.02.02 20:30,52.17,52.30,52.16,52.29,63
2017.02.02 20:45,52.30,52.30,52.05,52.07,101
2017.02.02 21:00,52.08,52.08,51.95,51.97,92
2017.02.02 21:15,51.95,51.98,51.91,51.94,74
2017.02.02 21:30,51.93,51.98,51.91,51.97,48
2017.02.02 21:45,51.98,51.99,51.85,51.90,71
2017.02.02 22:00,51.87,52.04,51.87,52.00,50
2017.02.02 22:15,52.01,52.10,52.01,52.06,56
2017.02.02 22:30,52.07,52.10,52.04,52.07,41
2017.02.02 22:45,52.08,52.08,51.97,52.02,93
2017.02.03 16:30,52.49,52.62,52.03,52.49,410
2017.02.03 16:45,52.50,52.70,52.21,52.27,228
2017.02.03 17:00,52.26,52.57,52.11,52.50,217
2017.02.03 17:15,52.51,52.61,52.33,52.50,230
2017.02.03 17:30,52.49,52.53,52.42,52.49,198
2017.02.03 17:45,52.48,52.60,52.40,52.53,127
2017.02.03 18:00,52.54,52.62,52.52,52.56,95
2017.02.03 18:15,52.57,52.64,52.53,52.64,59
2017.02.03 18:30,52.63,52.70,52.49,52.52,78
2017.02.03 18:45,52.52,52.64,52.45,52.51,86
2017.02.03 19:00,52.52,52.65,52.48,52.62,91
2017.02.03 19:15,52.64,52.71,52.60,52.70,51
2017.02.03 19:30,52.71,52.78,52.67,52.69,68
2017.02.03 19:45,52.70,52.79,52.68,52.69,59
2017.02.03 20:00,52.68,52.77,52.65,52.77,67
2017.02.03 20:15,52.76,52.84,52.74,52.83,89
2017.02.03 20:30,52.84,52.93,52.79,52.82,62
2017.02.03 20:45,52.81,52.87,52.79,52.79,60
2017.02.03 21:00,52.78,52.81,52.75,52.77,67
2017.02.03 21:15,52.78,52.80,52.60,52.60,101
2017.02.03 21:30,52.61,52.65,52.57,52.59,72
2017.02.03 21:45,52.60,52.66,52.58,52.64,54
2017.02.03 22:00,52.62,52.69,52.62,52.64,89
2017.02.03 22:15,52.65,52.71,52.59,52.60,70
2017.02.03 22:30,52.59,52.68,52.58,52.62,80
2017.02.03 22:45,52.63,52.68,52.54,52.56,179
2017.02.06 16:30,52.48,52.51,51.99,52.02,190
2017.02.06 16:45,52.03,52.14,51.99,52.03,127
2017.02.06 17:00,52.03,52.23,52.03,52.10,99
2017.02.06 17:15,52.09,52.22,51.92,51.96,135
2017.02.06 17:30,51.97,52.20,51.97,52.15,113
2017.02.06 17:45,52.12,52.22,51.98,52.04,121
2017.02.06 18:00,52.05,52.15,52.03,52.11,60
2017.02.06 18:15,52.10,52.24,52.10,52.19,142
2017.02.06 18:30,52.21,52.24,52.11,52.13,92
2017.02.06 18:45,52.13,52.16,51.99,51.99,74
2017.02.06 19:00,52.02,52.05,51.79,51.82,130
2017.02.06 19:15,51.81,51.96,51.74,51.96,96
2017.02.06 19:30,51.95,51.98,51.85,51.93,50
2017.02.06 19:45,51.92,51.92,51.83,51.84,63
2017.02.06 20:00,51.85,51.86,51.73,51.73,62
2017.02.06 20:15,51.72,51.72,51.61,51.69,98
2017.02.06 20:30,51.68,51.74,51.65,51.71,55
2017.02.06 20:45,51.70,51.88,51.70,51.87,51
2017.02.06 21:00,51.86,51.87,51.83,51.85,338
2017.02.06 21:15,51.84,51.91,51.81,51.84,34
2017.02.06 21:30,51.83,51.86,51.83,51.86,32
2017.02.06 21:45,51.87,51.91,51.79,51.87,71
2017.02.06 22:00,51.84,51.88,51.80,51.85,36
2017.02.06 22:15,51.86,51.92,51.85,51.90,46
2017.02.06 22:30,51.89,51.95,51.87,51.92,36
2017.02.06 22:45,51.91,52.01,51.85,51.93,103
2017.02.07 16:30,51.50,51.82,51.50,51.75,150
2017.02.07 16:45,51.72,52.05,51.57,51.81,170
2017.02.07 17:00,51.81,52.05,51.76,52.04,129
2017.02.07 17:15,52.03,52.27,52.03,52.22,110
2017.02.07 17:30,52.23,52.37,52.22,52.30,106
2017.02.07 17:45,52.30,52.37,52.16,52.17,94
2017.02.07 18:00,52.19,52.28,52.07,52.10,95
2017.02.07 18:15,52.10,52.14,51.88,51.99,88
2017.02.07 18:30,51.98,52.15,51.91,52.05,99
2017.02.07 18:45,52.06,52.20,52.06,52.19,50
2017.02.07 19:00,52.19,52.31,52.14,52.31,39
2017.02.07 19:15,52.30,52.30,52.09,52.11,77
2017.02.07 19:30,52.10,52.18,52.04,52.11,104
2017.02.07 19:45,52.13,52.13,51.99,52.08,63
2017.02.07 20:00,52.08,52.08,52.00,52.05,88
2017.02.07 20:15,52.06,52.06,51.90,51.90,63
2017.02.07 20:30,51.90,51.93,51.85,51.88,136
2017.02.07 20:45,51.87,51.96,51.87,51.95,130
2017.02.07 21:00,51.96,51.97,51.90,51.92,105
2017.02.07 21:15,51.93,51.96,51.90,51.95,58
2017.02.07 21:30,51.94,52.20,51.93,52.20,120
2017.02.07 21:45,52.18,52.19,52.07,52.09,73
2017.02.07 22:00,52.08,52.08,51.91,51.94,78
2017.02.07 22:15,51.95,52.00,51.94,51.96,85
2017.02.07 22:30,51.97,51.97,51.90,51.91,134
2017.02.07 22:45,51.90,51.93,51.86,51.91,152
2017.02.08 16:30,52.00,52.12,51.77,51.95,289
2017.02.08 16:45,51.93,51.94,51.51,51.61,226
2017.02.08 17:00,51.62,51.71,51.43,51.67,364
2017.02.08 17:15,51.68,51.82,51.68,51.78,137
2017.02.08 17:30,51.74,51.84,51.70,51.79,75
2017.02.08 17:45,51.80,51.84,51.71,51.78,158
2017.02.08 18:00,51.80,52.13,51.79,52.08,149
2017.02.08 18:15,52.09,52.09,51.93,51.96,119
2017.02.08 18:30,51.97,52.02,51.94,51.99,115
2017.02.08 18:45,51.97,52.01,51.94,51.99,74
2017.02.08 19:00,51.98,52.14,51.97,52.07,139
2017.02.08 19:15,52.07,52.09,52.06,52.07,32
2017.02.08 19:30,52.08,52.08,51.98,52.03,57
2017.02.08 19:45,52.02,52.04,51.97,52.04,86
2017.02.08 20:00,52.05,52.12,52.01,52.02,106
2017.02.08 20:15,52.01,52.05,52.00,52.03,87
2017.02.08 20:30,52.04,52.04,51.99,52.01,53
2017.02.08 20:45,52.02,52.04,51.96,52.01,152
2017.02.08 21:00,52.02,52.30,52.01,52.08,186
2017.02.08 21:15,52.09,52.17,51.95,51.97,114
2017.02.08 21:30,52.00,52.05,51.97,51.98,120
2017.02.08 21:45,51.99,52.03,51.88,51.93,188
2017.02.08 22:00,51.92,51.94,51.89,51.91,92
2017.02.08 22:15,51.90,51.99,51.90,51.98,84
2017.02.08 22:30,51.97,52.00,51.84,51.89,132
2017.02.08 22:45,51.88,51.92,51.83,51.87,103
2017.02.09 16:30,52.13,52.28,52.00,52.08,374
2017.02.09 16:45,52.13,52.56,52.06,52.29,367
2017.02.09 17:00,52.31,52.34,52.13,52.24,281
2017.02.09 17:15,52.22,52.26,52.11,52.24,197
2017.02.09 17:30,52.25,52.44,52.25,52.36,200
2017.02.09 17:45,52.35,52.50,52.30,52.43,251
2017.02.09 18:00,52.44,52.66,52.39,52.55,310
2017.02.09 18:15,52.57,52.68,52.54,52.62,176
2017.02.09 18:30,52.63,52.79,52.62,52.77,166
2017.02.09 18:45,52.76,52.77,52.49,52.56,207
2017.02.09 19:00,52.57,52.57,52.34,52.41,194
2017.02.09 19:15,52.42,52.47,52.31,52.44,111
2017.02.09 19:30,52.44,52.48,52.40,52.47,67
2017.02.09 19:45,52.46,52.62,52.44,52.60,78
2017.02.09 20:00,52.59,52.68,52.51,52.60,105
2017.02.09 20:15,52.61,52.63,52.52,52.55,71
2017.02.09 20:30,52.54,52.62,52.53,52.54,68
2017.02.09 20:45,52.56,52.63,52.55,52.62,73
2017.02.09 21:00,52.63,52.77,52.63,52.77,82
2017.02.09 21:15,52.76,52.87,52.72,52.75,101
2017.02.09 21:30,52.76,52.85,52.72,52.76,84
2017.02.09 21:45,52.77,52.82,52.75,52.80,74
2017.02.09 22:00,52.79,52.81,52.74,52.75,45
2017.02.09 22:15,52.74,52.81,52.61,52.70,110
2017.02.09 22:30,52.71,52.71,52.49,52.52,111
2017.02.09 22:45,52.53,52.63,52.42,52.46,128
2017.02.10 16:30,52.64,52.69,52.04,52.38,343
2017.02.10 16:45,52.29,52.39,51.79,51.87,220
2017.02.10 17:00,51.88,52.05,51.84,52.01,294
2017.02.10 17:15,52.00,52.07,51.94,51.99,233
2017.02.10 17:30,52.00,52.37,51.96,52.36,221
2017.02.10 17:45,52.35,52.36,52.00,52.03,141
2017.02.10 18:00,52.02,52.12,51.95,52.10,134
2017.02.10 18:15,52.09,52.11,51.95,51.98,137
2017.02.10 18:30,51.97,52.01,51.94,51.98,88
2017.02.10 18:45,51.97,52.16,51.96,52.12,177
2017.02.10 19:00,52.11,52.15,52.07,52.10,169
2017.02.10 19:15,52.11,52.26,52.07,52.24,106
2017.02.10 19:30,52.25,52.26,52.13,52.23,93
2017.02.10 19:45,52.22,52.26,52.14,52.20,93
2017.02.10 20:00,52.22,52.24,52.15,52.24,129
2017.02.10 20:15,52.25,52.33,52.22,52.26,130
2017.02.10 20:30,52.24,52.27,52.19,52.23,158
2017.02.10 20:45,52.21,52.23,52.16,52.19,86
2017.02.10 21:00,52.20,52.22,52.10,52.13,130
2017.02.10 21:15,52.15,52.25,52.15,52.17,141
2017.02.10 21:30,52.18,52.25,52.16,52.21,173
2017.02.10 21:45,52.22,52.23,52.06,52.08,95
2017.02.10 22:00,52.06,52.06,51.91,51.96,192
2017.02.10 22:15,51.97,52.00,51.92,51.94,62
2017.02.10 22:30,51.95,51.98,51.90,51.96,74
2017.02.10 22:45,51.95,51.97,51.90,51.95,96
2017.02.13 16:30,51.88,52.02,51.77,51.98,287
2017.02.13 16:45,51.99,52.17,51.90,51.95,169
2017.02.13 17:00,51.96,51.96,51.85,51.89,113
2017.02.13 17:15,51.88,51.89,51.73,51.74,128
2017.02.13 17:30,51.75,51.80,51.55,51.57,192
2017.02.13 17:45,51.58,51.82,51.54,51.70,367
2017.02.13 18:00,51.71,51.74,51.55,51.72,185
2017.02.13 18:15,51.71,51.71,51.63,51.64,191
2017.02.13 18:30,51.63,51.64,51.45,51.46,117
2017.02.13 18:45,51.47,51.49,51.42,51.48,48
2017.02.13 19:00,51.49,51.61,51.45,51.58,123
2017.02.13 19:15,51.58,51.64,51.57,51.61,64
2017.02.13 19:30,51.62,51.63,51.54,51.58,84
2017.02.13 19:45,51.60,51.64,51.56,51.60,80
2017.02.13 20:00,51.61,51.63,51.56,51.57,52
2017.02.13 20:15,51.59,51.59,51.53,51.54,54
2017.02.13 20:30,51.55,51.55,51.47,51.50,76
2017.02.13 20:45,51.49,51.54,51.47,51.48,46
2017.02.13 21:00,51.49,51.55,51.46,51.54,94
2017.02.13 21:15,51.52,51.54,51.33,51.42,186
2017.02.13 21:30,51.43,51.48,51.37,51.48,114
2017.02.13 21:45,51.49,51.59,51.44,51.59,75
2017.02.13 22:00,51.56,51.56,51.42,51.43,105
2017.02.13 22:15,51.45,51.47,51.32,51.37,80
2017.02.13 22:30,51.36,51.45,51.34,51.40,84
2017.02.13 22:45,51.41,51.44,51.29,51.34,69
2017.02.14 16:30,51.01,51.10,50.73,50.94,316
2017.02.14 16:45,50.95,51.44,50.94,51.41,361
2017.02.14 17:00,51.42,51.53,51.29,51.39,313
2017.02.14 17:15,51.40,51.41,51.30,51.34,298
2017.02.14 17:30,51.35,51.68,51.26,51.68,344
2017.02.14 17:45,51.69,51.76,51.43,51.49,310
2017.02.14 18:00,51.50,51.66,51.44,51.59,480
2017.02.14 18:15,51.58,51.77,51.54,51.71,329
2017.02.14 18:30,51.72,51.97,51.71,51.87,287
2017.02.14 18:45,51.86,52.11,51.73,52.06,301
2017.02.14 19:00,52.04,52.43,51.99,52.28,334
2017.02.14 19:15,52.30,52.36,52.11,52.20,218
2017.02.14 19:30,52.21,52.23,51.96,52.01,166
2017.02.14 19:45,52.02,52.14,51.97,52.06,100
2017.02.14 20:00,52.05,52.08,51.96,51.99,163
2017.02.14 20:15,52.00,52.15,51.88,52.13,191
2017.02.14 20:30,52.13,52.19,52.07,52.10,131
2017.02.14 20:45,52.09,52.14,52.03,52.13,114
2017.02.14 21:00,52.12,52.23,51.99,52.01,154
2017.02.14 21:15,52.00,52.19,51.99,52.14,139
2017.02.14 21:30,52.12,52.12,52.03,52.12,66
2017.02.14 21:45,52.11,52.11,52.03,52.10,75
2017.02.14 22:00,52.09,52.12,52.04,52.07,75
2017.02.14 22:15,52.06,52.10,52.00,52.03,79
2017.02.14 22:30,52.02,52.15,52.01,52.11,61
2017.02.14 22:45,52.12,52.16,52.06,52.15,57
2017.02.15 16:30,52.21,52.66,52.20,52.33,217
2017.02.15 16:45,52.34,52.99,52.33,52.97,490
2017.02.15 17:00,52.97,53.03,52.63,52.73,333
2017.02.15 17:15,52.74,52.96,52.55,52.89,258
2017.02.15 17:30,52.90,52.95,52.73,52.76,178
2017.02.15 17:45,52.75,52.95,52.62,52.87,362
2017.02.15 18:00,52.88,53.02,52.65,52.91,234
2017.02.15 18:15,52.91,52.94,52.69,52.94,175
2017.02.15 18:30,52.95,53.05,52.64,52.71,290
2017.02.15 18:45,52.70,53.04,52.69,53.03,191
2017.02.15 19:00,53.02,53.28,53.01,53.15,184
2017.02.15 19:15,53.16,53.25,52.99,53.00,188
2017.02.15 19:30,52.99,53.21,52.99,53.12,148
2017.02.15 19:45,53.13,53.22,53.03,53.03,137
2017.02.15 20:00,53.04,53.05,52.78,52.86,240
2017.02.15 20:15,52.85,52.99,52.85,52.97,97
2017.02.15 20:30,52.98,52.98,52.84,52.89,109
2017.02.15 20:45,52.90,52.96,52.73,52.95,134
2017.02.15 21:00,52.96,53.10,52.83,52.88,268
2017.02.15 21:15,52.87,52.99,52.70,52.86,249
2017.02.15 21:30,52.87,52.88,52.77,52.82,104
2017.02.15 21:45,52.81,52.89,52.73,52.86,144
2017.02.15 22:00,52.84,52.84,52.66,52.76,201
2017.02.15 22:15,52.77,52.83,52.49,52.58,231
2017.02.15 22:30,52.56,52.78,52.56,52.67,267
2017.02.15 22:45,52.68,52.85,52.50,52.61,290
