open,high,low,close,volume,wap,date,pred_start_date,instrument_id,frequency
-0.7632,-0.7632,-0.7632,-0.7632,1.0,-0.7632,2016-12-26,2016-12-23,1,3600
-0.7634,-0.7634,-0.7634,-0.7634,1.0,-0.7634,2016-12-27,2016-12-23,1,3600
-0.7633,-0.7633,-0.7633,-0.7633,1.0,-0.7633,2016-12-28,2016-12-23,1,3600
-0.7634,-0.7634,-0.7634,-0.7634,1.0,-0.7634,2016-12-29,2016-12-23,1,3600
-0.7632,-0.7632,-0.7632,-0.7632,1.0,-0.7632,2016-12-30,2016-12-23,1,3600
-0.7631,-0.7631,-0.7631,-0.7631,1.0,-0.7631,2017-01-02,2016-12-23,1,3600
-0.7629,-0.7629,-0.7629,-0.7629,1.0,-0.7629,2017-01-03,2016-12-23,1,3600
-0.763,-0.763,-0.763,-0.763,1.0,-0.763,2017-01-04,2016-12-23,1,3600
-0.7629,-0.7629,-0.7629,-0.7629,1.0,-0.7629,2017-01-05,2016-12-23,1,3600
-0.7628,-0.7628,-0.7628,-0.7628,1.0,-0.7628,2017-01-06,2016-12-23,1,3600
-0.7625,-0.7625,-0.7625,-0.7625,1.0,-0.7625,2017-01-09,2016-12-23,1,3600
-0.7624,-0.7624,-0.7624,-0.7624,1.0,-0.7624,2017-01-10,2016-12-23,1,3600
-0.7624,-0.7624,-0.7624,-0.7624,1.0,-0.7624,2017-01-11,2016-12-23,1,3600
-0.7625,-0.7625,-0.7625,-0.7625,1.0,-0.7625,2017-01-12,2016-12-23,1,3600
-0.7629,-0.7629,-0.7629,-0.7629,1.0,-0.7629,2017-01-13,2016-12-23,1,3600
-0.7628,-0.7628,-0.7628,-0.7628,1.0,-0.7628,2017-01-16,2016-12-23,1,3600
-0.7629,-0.7629,-0.7629,-0.7629,1.0,-0.7629,2017-01-17,2016-12-23,1,3600
-0.7628,-0.7628,-0.7628,-0.7628,1.0,-0.7628,2017-01-18,2016-12-23,1,3600
-0.7629,-0.7629,-0.7629,-0.7629,1.0,-0.7629,2017-01-19,2016-12-23,1,3600
-0.7629,-0.7629,-0.7629,-0.7629,1.0,-0.7629,2017-01-20,2016-12-23,1,3600
-0.7631,-0.7631,-0.7631,-0.7631,1.0,-0.7631,2017-01-23,2016-12-23,1,3600
-0.763,-0.763,-0.763,-0.763,1.0,-0.763,2017-01-24,2016-12-23,1,3600
-0.7629,-0.7629,-0.7629,-0.7629,1.0,-0.7629,2017-01-25,2016-12-23,1,3600
-0.7626,-0.7626,-0.7626,-0.7626,1.0,-0.7626,2017-01-26,2016-12-23,1,3600
-0.7624,-0.7624,-0.7624,-0.7624,1.0,-0.7624,2017-01-27,2016-12-23,1,3600
-0.7621,-0.7621,-0.7621,-0.7621,1.0,-0.7621,2017-01-30,2016-12-23,1,3600
-0.7621,-0.7621,-0.7621,-0.7621,1.0,-0.7621,2017-01-31,2016-12-23,1,3600
-0.7619,-0.7619,-0.7619,-0.7619,1.0,-0.7619,2017-02-01,2016-12-23,1,3600
-0.7618,-0.7618,-0.7618,-0.7618,1.0,-0.7618,2017-02-02,2016-12-23,1,3600
-0.7617,-0.7617,-0.7617,-0.7617,1.0,-0.7617,2017-02-03,2016-12-23,1,3600
-0.7617,-0.7617,-0.7617,-0.7617,1.0,-0.7617,2017-02-06,2016-12-23,1,3600
-0.7616,-0.7616,-0.7616,-0.7616,1.0,-0.7616,2017-02-07,2016-12-23,1,3600
-0.7614,-0.7614,-0.7614,-0.7614,1.0,-0.7614,2017-02-08,2016-12-23,1,3600
-0.7616,-0.7616,-0.7616,-0.7616,1.0,-0.7616,2017-02-09,2016-12-23,1,3600
-0.7618,-0.7618,-0.7618,-0.7618,1.0,-0.7618,2017-02-10,2016-12-23,1,3600
-0.7619,-0.7619,-0.7619,-0.7619,1.0,-0.7619,2017-02-13,2016-12-23,1,3600
-0.7617,-0.7617,-0.7617,-0.7617,1.0,-0.7617,2017-02-14,2016-12-23,1,3600
-0.7616,-0.7616,-0.7616,-0.7616,1.0,-0.7616,2017-02-15,2016-12-23,1,3600
-0.7617,-0.7617,-0.7617,-0.7617,1.0,-0.7617,2017-02-16,2016-12-23,1,3600
-0.7619,-0.7619,-0.7619,-0.7619,1.0,-0.7619,2017-02-17,2016-12-23,1,3600
-0.7615,-0.7615,-0.7615,-0.7615,1.0,-0.7615,2017-02-20,2016-12-23,1,3600
-0.7616,-0.7616,-0.7616,-0.7616,1.0,-0.7616,2017-02-21,2016-12-23,1,3600
-0.7615,-0.7615,-0.7615,-0.7615,1.0,-0.7615,2017-02-22,2016-12-23,1,3600
-0.7614,-0.7614,-0.7614,-0.7614,1.0,-0.7614,2017-02-23,2016-12-23,1,3600
-0.7613,-0.7613,-0.7613,-0.7613,1.0,-0.7613,2017-02-24,2016-12-23,1,3600
-0.7615,-0.7615,-0.7615,-0.7615,1.0,-0.7615,2017-02-27,2016-12-23,1,3600
-0.7614,-0.7614,-0.7614,-0.7614,1.0,-0.7614,2017-02-28,2016-12-23,1,3600
-0.7614,-0.7614,-0.7614,-0.7614,1.0,-0.7614,2017-03-01,2016-12-23,1,3600
-0.7612,-0.7612,-0.7612,-0.7612,1.0,-0.7612,2017-03-02,2016-12-23,1,3600
-0.7611,-0.7611,-0.7611,-0.7611,1.0,-0.7611,2017-03-03,2016-12-23,1,3600
-0.7609,-0.7609,-0.7609,-0.7609,1.0,-0.7609,2017-03-06,2016-12-23,1,3600
-0.7609,-0.7609,-0.7609,-0.7609,1.0,-0.7609,2017-03-07,2016-12-23,1,3600
-0.7608,-0.7608,-0.7608,-0.7608,1.0,-0.7608,2017-03-08,2016-12-23,1,3600
-0.7609,-0.7609,-0.7609,-0.7609,1.0,-0.7609,2017-03-09,2016-12-23,1,3600
-0.7608,-0.7608,-0.7608,-0.7608,1.0,-0.7608,2017-03-10,2016-12-23,1,3600
-0.7609,-0.7609,-0.7609,-0.7609,1.0,-0.7609,2017-03-13,2016-12-23,1,3600
-0.7608,-0.7608,-0.7608,-0.7608,1.0,-0.7608,2017-03-14,2016-12-23,1,3600
-0.7607,-0.7607,-0.7607,-0.7607,1.0,-0.7607,2017-03-15,2016-12-23,1,3600
-0.7605,-0.7605,-0.7605,-0.7605,1.0,-0.7605,2017-03-16,2016-12-23,1,3600
-0.7602,-0.7602,-0.7602,-0.7602,1.0,-0.7602,2017-03-17,2016-12-23,1,3600
-0.7601,-0.7601,-0.7601,-0.7601,1.0,-0.7601,2017-03-20,2016-12-23,1,3600
-0.7603,-0.7603,-0.7603,-0.7603,1.0,-0.7603,2017-03-21,2016-12-23,1,3600
-0.7607,-0.7607,-0.7607,-0.7607,1.0,-0.7607,2017-03-22,2016-12-23,1,3600
-0.7605,-0.7605,-0.7605,-0.7605,1.0,-0.7605,2017-03-23,2016-12-23,1,3600
-0.7605,-0.7605,-0.7605,-0.7605,1.0,-0.7605,2017-03-24,2016-12-23,1,3600
-0.7607,-0.7607,-0.7607,-0.7607,1.0,-0.7607,2017-03-27,2016-12-23,1,3600
-0.7605,-0.7605,-0.7605,-0.7605,1.0,-0.7605,2017-03-28,2016-12-23,1,3600
-0.7606,-0.7606,-0.7606,-0.7606,1.0,-0.7606,2017-03-29,2016-12-23,1,3600
-0.7606,-0.7606,-0.7606,-0.7606,1.0,-0.7606,2017-03-30,2016-12-23,1,3600
-0.7602,-0.7602,-0.7602,-0.7602,1.0,-0.7602,2017-03-31,2016-12-23,1,3600
-0.7601,-0.7601,-0.7601,-0.7601,1.0,-0.7601,2017-04-03,2016-12-23,1,3600
-0.76,-0.76,-0.76,-0.76,1.0,-0.76,2017-04-04,2016-12-23,1,3600
-0.7597,-0.7597,-0.7597,-0.7597,1.0,-0.7597,2017-04-05,2016-12-23,1,3600
-0.7598,-0.7598,-0.7598,-0.7598,1.0,-0.7598,2017-04-06,2016-12-23,1,3600
-0.7601,-0.7601,-0.7601,-0.7601,1.0,-0.7601,2017-04-07,2016-12-23,1,3600
-0.7605,-0.7605,-0.7605,-0.7605,1.0,-0.7605,2017-04-10,2016-12-23,1,3600
-0.7603,-0.7603,-0.7603,-0.7603,1.0,-0.7603,2017-04-11,2016-12-23,1,3600
-0.7602,-0.7602,-0.7602,-0.7602,1.0,-0.7602,2017-04-12,2016-12-23,1,3600
-0.7599,-0.7599,-0.7599,-0.7599,1.0,-0.7599,2017-04-13,2016-12-23,1,3600
-0.7599,-0.7599,-0.7599,-0.7599,1.0,-0.7599,2017-04-14,2016-12-23,1,3600
-0.7596,-0.7596,-0.7596,-0.7596,1.0,-0.7596,2017-04-17,2016-12-23,1,3600
-0.7594,-0.7594,-0.7594,-0.7594,1.0,-0.7594,2017-04-18,2016-12-23,1,3600
-0.7592,-0.7592,-0.7592,-0.7592,1.0,-0.7592,2017-04-19,2016-12-23,1,3600
-0.7593,-0.7593,-0.7593,-0.7593,1.0,-0.7593,2017-04-20,2016-12-23,1,3600
-0.7593,-0.7593,-0.7593,-0.7593,1.0,-0.7593,2017-04-21,2016-12-23,1,3600
-0.7589,-0.7589,-0.7589,-0.7589,1.0,-0.7589,2017-04-24,2016-12-23,1,3600
-0.759,-0.759,-0.759,-0.759,1.0,-0.759,2017-04-25,2016-12-23,1,3600
-0.7593,-0.7593,-0.7593,-0.7593,1.0,-0.7593,2017-04-26,2016-12-23,1,3600
-0.7589,-0.7589,-0.7589,-0.7589,1.0,-0.7589,2017-04-27,2016-12-23,1,3600
-0.7589,-0.7589,-0.7589,-0.7589,1.0,-0.7589,2017-04-28,2016-12-23,1,3600
-0.7591,-0.7591,-0.7591,-0.7591,1.0,-0.7591,2017-05-01,2016-12-23,1,3600
-0.7588,-0.7588,-0.7588,-0.7588,1.0,-0.7588,2017-05-02,2016-12-23,1,3600
-0.7585,-0.7585,-0.7585,-0.7585,1.0,-0.7585,2017-05-03,2016-12-23,1,3600
-0.7583,-0.7583,-0.7583,-0.7583,1.0,-0.7583,2017-05-04,2016-12-23,1,3600
-0.758,-0.758,-0.758,-0.758,1.0,-0.758,2017-05-05,2016-12-23,1,3600
-0.7578,-0.7578,-0.7578,-0.7578,1.0,-0.7578,2017-05-08,2016-12-23,1,3600
-0.7583,-0.7583,-0.7583,-0.7583,1.0,-0.7583,2017-05-09,2016-12-23,1,3600
-0.7582,-0.7582,-0.7582,-0.7582,1.0,-0.7582,2017-05-10,2016-12-23,1,3600
-0.7578,-0.7578,-0.7578,-0.7578,1.0,-0.7578,2017-05-11,2016-12-23,1,3600
-0.7573,-0.7573,-0.7573,-0.7573,1.0,-0.7573,2017-05-12,2016-12-23,1,3600
-0.7575,-0.7575,-0.7575,-0.7575,1.0,-0.7575,2017-05-15,2016-12-23,1,3600
-0.7576,-0.7576,-0.7576,-0.7576,1.0,-0.7576,2017-05-16,2016-12-23,1,3600
-0.7578,-0.7578,-0.7578,-0.7578,1.0,-0.7578,2017-05-17,2016-12-23,1,3600
-0.7585,-0.7585,-0.7585,-0.7585,1.0,-0.7585,2017-05-18,2016-12-23,1,3600
-0.7582,-0.7582,-0.7582,-0.7582,1.0,-0.7582,2017-05-19,2016-12-23,1,3600
-0.7581,-0.7581,-0.7581,-0.7581,1.0,-0.7581,2017-05-22,2016-12-23,1,3600
-0.7577,-0.7577,-0.7577,-0.7577,1.0,-0.7577,2017-05-23,2016-12-23,1,3600
-0.7573,-0.7573,-0.7573,-0.7573,1.0,-0.7573,2017-05-24,2016-12-23,1,3600
-0.7574,-0.7574,-0.7574,-0.7574,1.0,-0.7574,2017-05-25,2016-12-23,1,3600
-0.7573,-0.7573,-0.7573,-0.7573,1.0,-0.7573,2017-05-26,2016-12-23,1,3600
-0.7571,-0.7571,-0.7571,-0.7571,1.0,-0.7571,2017-05-29,2016-12-23,1,3600
-0.7571,-0.7571,-0.7571,-0.7571,1.0,-0.7571,2017-05-30,2016-12-23,1,3600
-0.7569,-0.7569,-0.7569,-0.7569,1.0,-0.7569,2017-05-31,2016-12-23,1,3600
-0.7568,-0.7568,-0.7568,-0.7568,1.0,-0.7568,2017-06-01,2016-12-23,1,3600
-0.7565,-0.7565,-0.7565,-0.7565,1.0,-0.7565,2017-06-02,2016-12-23,1,3600
-0.7561,-0.7561,-0.7561,-0.7561,1.0,-0.7561,2017-06-05,2016-12-23,1,3600
-0.7558,-0.7558,-0.7558,-0.7558,1.0,-0.7558,2017-06-06,2016-12-23,1,3600
-0.7549,-0.7549,-0.7549,-0.7549,1.0,-0.7549,2017-06-07,2016-12-23,1,3600
-0.7545,-0.7545,-0.7545,-0.7545,1.0,-0.7545,2017-06-08,2016-12-23,1,3600
-0.7539,-0.7539,-0.7539,-0.7539,1.0,-0.7539,2017-06-09,2016-12-23,1,3600
-0.7541,-0.7541,-0.7541,-0.7541,1.0,-0.7541,2017-06-12,2016-12-23,1,3600
-0.7541,-0.7541,-0.7541,-0.7541,1.0,-0.7541,2017-06-13,2016-12-23,1,3600
-0.7549,-0.7549,-0.7549,-0.7549,1.0,-0.7549,2017-06-14,2016-12-23,1,3600
-0.7553,-0.7553,-0.7553,-0.7553,1.0,-0.7553,2017-06-15,2016-12-23,1,3600
-0.7551,-0.7551,-0.7551,-0.7551,1.0,-0.7551,2017-06-16,2016-12-23,1,3600
-0.7547,-0.7547,-0.7547,-0.7547,1.0,-0.7547,2017-06-19,2016-12-23,1,3600
-0.7543,-0.7543,-0.7543,-0.7543,1.0,-0.7543,2017-06-20,2016-12-23,1,3600
-0.7542,-0.7542,-0.7542,-0.7542,1.0,-0.7542,2017-06-21,2016-12-23,1,3600
-0.7538,-0.7538,-0.7538,-0.7538,1.0,-0.7538,2017-06-22,2016-12-23,1,3600
-0.7532,-0.7532,-0.7532,-0.7532,1.0,-0.7532,2017-06-23,2016-12-23,1,3600
-0.752,-0.752,-0.752,-0.752,1.0,-0.752,2017-06-26,2016-12-23,1,3600
-0.7517,-0.7517,-0.7517,-0.7517,1.0,-0.7517,2017-06-27,2016-12-23,1,3600
-0.7517,-0.7517,-0.7517,-0.7517,1.0,-0.7517,2017-06-28,2016-12-23,1,3600
-0.7508,-0.7508,-0.7508,-0.7508,1.0,-0.7508,2017-06-29,2016-12-23,1,3600
-0.7508,-0.7508,-0.7508,-0.7508,1.0,-0.7508,2017-06-30,2016-12-23,1,3600
-0.75,-0.75,-0.75,-0.75,1.0,-0.75,2017-07-03,2016-12-23,1,3600
-0.7496,-0.7496,-0.7496,-0.7496,1.0,-0.7496,2017-07-04,2016-12-23,1,3600
-0.7508,-0.7508,-0.7508,-0.7508,1.0,-0.7508,2017-07-05,2016-12-23,1,3600
-0.753,-0.753,-0.753,-0.753,1.0,-0.753,2017-07-06,2016-12-23,1,3600
-0.7528,-0.7528,-0.7528,-0.7528,1.0,-0.7528,2017-07-07,2016-12-23,1,3600
-0.7524,-0.7524,-0.7524,-0.7524,1.0,-0.7524,2017-07-10,2016-12-23,1,3600
-0.7511,-0.7511,-0.7511,-0.7511,1.0,-0.7511,2017-07-11,2016-12-23,1,3600
-0.7502,-0.7502,-0.7502,-0.7502,1.0,-0.7502,2017-07-12,2016-12-23,1,3600
-0.7498,-0.7498,-0.7498,-0.7498,1.0,-0.7498,2017-07-13,2016-12-23,1,3600
-0.7493,-0.7493,-0.7493,-0.7493,1.0,-0.7493,2017-07-14,2016-12-23,1,3600
-0.7495,-0.7495,-0.7495,-0.7495,1.0,-0.7495,2017-07-17,2016-12-23,1,3600
-0.7499,-0.7499,-0.7499,-0.7499,1.0,-0.7499,2017-07-18,2016-12-23,1,3600
-0.7504,-0.7504,-0.7504,-0.7504,1.0,-0.7504,2017-07-19,2016-12-23,1,3600
-0.7514,-0.7514,-0.7514,-0.7514,1.0,-0.7514,2017-07-20,2016-12-23,1,3600
-0.7511,-0.7511,-0.7511,-0.7511,1.0,-0.7511,2017-07-21,2016-12-23,1,3600
-0.7505,-0.7505,-0.7505,-0.7505,1.0,-0.7505,2017-07-24,2016-12-23,1,3600
-0.7502,-0.7502,-0.7502,-0.7502,1.0,-0.7502,2017-07-25,2016-12-23,1,3600
-0.7498,-0.7498,-0.7498,-0.7498,1.0,-0.7498,2017-07-26,2016-12-23,1,3600
-0.7496,-0.7496,-0.7496,-0.7496,1.0,-0.7496,2017-07-27,2016-12-23,1,3600
-0.7497,-0.7497,-0.7497,-0.7497,1.0,-0.7497,2017-07-28,2016-12-23,1,3600
-0.7497,-0.7497,-0.7497,-0.7497,1.0,-0.7497,2017-07-31,2016-12-23,1,3600
-0.749,-0.749,-0.749,-0.749,1.0,-0.749,2017-08-01,2016-12-23,1,3600
-0.7488,-0.7488,-0.7488,-0.7488,1.0,-0.7488,2017-08-02,2016-12-23,1,3600
-0.7481,-0.7481,-0.7481,-0.7481,1.0,-0.7481,2017-08-03,2016-12-23,1,3600
-0.7476,-0.7476,-0.7476,-0.7476,1.0,-0.7476,2017-08-04,2016-12-23,1,3600
-0.7476,-0.7476,-0.7476,-0.7476,1.0,-0.7476,2017-08-07,2016-12-23,1,3600
-0.7485,-0.7485,-0.7485,-0.7485,1.0,-0.7485,2017-08-08,2016-12-23,1,3600
-0.748,-0.748,-0.748,-0.748,1.0,-0.748,2017-08-09,2016-12-23,1,3600
-0.7479,-0.7479,-0.7479,-0.7479,1.0,-0.7479,2017-08-10,2016-12-23,1,3600
-0.7484,-0.7484,-0.7484,-0.7484,1.0,-0.7484,2017-08-11,2016-12-23,1,3600
-0.7485,-0.7485,-0.7485,-0.7485,1.0,-0.7485,2017-08-14,2016-12-23,1,3600
-0.7494,-0.7494,-0.7494,-0.7494,1.0,-0.7494,2017-08-15,2016-12-23,1,3600
-0.7495,-0.7495,-0.7495,-0.7495,1.0,-0.7495,2017-08-16,2016-12-23,1,3600
-0.749,-0.749,-0.749,-0.749,1.0,-0.749,2017-08-17,2016-12-23,1,3600
-0.7486,-0.7486,-0.7486,-0.7486,1.0,-0.7486,2017-08-18,2016-12-23,1,3600
-0.7484,-0.7484,-0.7484,-0.7484,1.0,-0.7484,2017-08-21,2016-12-23,1,3600
-0.747,-0.747,-0.747,-0.747,1.0,-0.747,2017-08-22,2016-12-23,1,3600
-0.7464,-0.7464,-0.7464,-0.7464,1.0,-0.7464,2017-08-23,2016-12-23,1,3600
-0.7461,-0.7461,-0.7461,-0.7461,1.0,-0.7461,2017-08-24,2016-12-23,1,3600
-0.7454,-0.7454,-0.7454,-0.7454,1.0,-0.7454,2017-08-25,2016-12-23,1,3600
-0.7448,-0.7448,-0.7448,-0.7448,1.0,-0.7448,2017-08-28,2016-12-23,1,3600
-0.745,-0.745,-0.745,-0.745,1.0,-0.745,2017-08-29,2016-12-23,1,3600
-0.7448,-0.7448,-0.7448,-0.7448,1.0,-0.7448,2017-08-30,2016-12-23,1,3600
-0.7452,-0.7452,-0.7452,-0.7452,1.0,-0.7452,2017-08-31,2016-12-23,1,3600
-0.7461,-0.7461,-0.7461,-0.7461,1.0,-0.7461,2017-09-01,2016-12-23,1,3600
-0.7464,-0.7464,-0.7464,-0.7464,1.0,-0.7464,2017-09-04,2016-12-23,1,3600
-0.7452,-0.7452,-0.7452,-0.7452,1.0,-0.7452,2017-09-05,2016-12-23,1,3600
-0.7453,-0.7453,-0.7453,-0.7453,1.0,-0.7453,2017-09-06,2016-12-23,1,3600
-0.7458,-0.7458,-0.7458,-0.7458,1.0,-0.7458,2017-09-07,2016-12-23,1,3600
-0.746,-0.746,-0.746,-0.746,1.0,-0.746,2017-09-08,2016-12-23,1,3600
-0.7464,-0.7464,-0.7464,-0.7464,1.0,-0.7464,2017-09-11,2016-12-23,1,3600
-0.7474,-0.7474,-0.7474,-0.7474,1.0,-0.7474,2017-09-12,2016-12-23,1,3600
-0.7479,-0.7479,-0.7479,-0.7479,1.0,-0.7479,2017-09-13,2016-12-23,1,3600
-0.7464,-0.7464,-0.7464,-0.7464,1.0,-0.7464,2017-09-14,2016-12-23,1,3600
-0.7469,-0.7469,-0.7469,-0.7469,1.0,-0.7469,2017-09-15,2016-12-23,1,3600
-0.748,-0.748,-0.748,-0.748,1.0,-0.748,2017-09-18,2016-12-23,1,3600
-0.7488,-0.7488,-0.7488,-0.7488,1.0,-0.7488,2017-09-19,2016-12-23,1,3600
-0.7499,-0.7499,-0.7499,-0.7499,1.0,-0.7499,2017-09-20,2016-12-23,1,3600
-0.7487,-0.7487,-0.7487,-0.7487,1.0,-0.7487,2017-09-21,2016-12-23,1,3600
-0.7495,-0.7495,-0.7495,-0.7495,1.0,-0.7495,2017-09-22,2016-12-23,1,3600
-0.7515,-0.7515,-0.7515,-0.7515,1.0,-0.7515,2017-09-25,2016-12-23,1,3600
-0.7505,-0.7505,-0.7505,-0.7505,1.0,-0.7505,2017-09-26,2016-12-23,1,3600
-0.7498,-0.7498,-0.7498,-0.7498,1.0,-0.7498,2017-09-27,2016-12-23,1,3600
-0.7485,-0.7485,-0.7485,-0.7485,1.0,-0.7485,2017-09-28,2016-12-23,1,3600
-0.7487,-0.7487,-0.7487,-0.7487,1.0,-0.7487,2017-09-29,2016-12-23,1,3600
-0.7484,-0.7484,-0.7484,-0.7484,1.0,-0.7484,2017-10-02,2016-12-23,1,3600
-0.7466,-0.7466,-0.7466,-0.7466,1.0,-0.7466,2017-10-03,2016-12-23,1,3600
-0.7468,-0.7468,-0.7468,-0.7468,1.0,-0.7468,2017-10-04,2016-12-23,1,3600
-0.7465,-0.7465,-0.7465,-0.7465,1.0,-0.7465,2017-10-05,2016-12-23,1,3600
-0.7474,-0.7474,-0.7474,-0.7474,1.0,-0.7474,2017-10-06,2016-12-23,1,3600
-0.7471,-0.7471,-0.7471,-0.7471,1.0,-0.7471,2017-10-09,2016-12-23,1,3600
-0.747,-0.747,-0.747,-0.747,1.0,-0.747,2017-10-10,2016-12-23,1,3600
-0.7481,-0.7481,-0.7481,-0.7481,1.0,-0.7481,2017-10-11,2016-12-23,1,3600
-0.7488,-0.7488,-0.7488,-0.7488,1.0,-0.7488,2017-10-12,2016-12-23,1,3600
-0.748,-0.748,-0.748,-0.748,1.0,-0.748,2017-10-13,2016-12-23,1,3600
-0.7468,-0.7468,-0.7468,-0.7468,1.0,-0.7468,2017-10-16,2016-12-23,1,3600
-0.7473,-0.7473,-0.7473,-0.7473,1.0,-0.7473,2017-10-17,2016-12-23,1,3600
-0.7469,-0.7469,-0.7469,-0.7469,1.0,-0.7469,2017-10-18,2016-12-23,1,3600
-0.7455,-0.7455,-0.7455,-0.7455,1.0,-0.7455,2017-10-19,2016-12-23,1,3600
-0.745,-0.745,-0.745,-0.745,1.0,-0.745,2017-10-20,2016-12-23,1,3600
-0.7456,-0.7456,-0.7456,-0.7456,1.0,-0.7456,2017-10-23,2016-12-23,1,3600
-0.7466,-0.7466,-0.7466,-0.7466,1.0,-0.7466,2017-10-24,2016-12-23,1,3600
-0.7457,-0.7457,-0.7457,-0.7457,1.0,-0.7457,2017-10-25,2016-12-23,1,3600
-0.7452,-0.7452,-0.7452,-0.7452,1.0,-0.7452,2017-10-26,2016-12-23,1,3600
-0.7452,-0.7452,-0.7452,-0.7452,1.0,-0.7452,2017-10-27,2016-12-23,1,3600
-0.7459,-0.7459,-0.7459,-0.7459,1.0,-0.7459,2017-10-30,2016-12-23,1,3600
-0.7467,-0.7467,-0.7467,-0.7467,1.0,-0.7467,2017-10-31,2016-12-23,1,3600
-0.7472,-0.7472,-0.7472,-0.7472,1.0,-0.7472,2017-11-01,2016-12-23,1,3600
-0.7466,-0.7466,-0.7466,-0.7466,1.0,-0.7466,2017-11-02,2016-12-23,1,3600
-0.7464,-0.7464,-0.7464,-0.7464,1.0,-0.7464,2017-11-03,2016-12-23,1,3600
-0.7479,-0.7479,-0.7479,-0.7479,1.0,-0.7479,2017-11-06,2016-12-23,1,3600
-0.748,-0.748,-0.748,-0.748,1.0,-0.748,2017-11-07,2016-12-23,1,3600
-0.7484,-0.7484,-0.7484,-0.7484,1.0,-0.7484,2017-11-08,2016-12-23,1,3600
-0.7475,-0.7475,-0.7475,-0.7475,1.0,-0.7475,2017-11-09,2016-12-23,1,3600
-0.7478,-0.7478,-0.7478,-0.7478,1.0,-0.7478,2017-11-10,2016-12-23,1,3600
-0.7461,-0.7461,-0.7461,-0.7461,1.0,-0.7461,2017-11-13,2016-12-23,1,3600
-0.7457,-0.7457,-0.7457,-0.7457,1.0,-0.7457,2017-11-14,2016-12-23,1,3600
-0.7454,-0.7454,-0.7454,-0.7454,1.0,-0.7454,2017-11-15,2016-12-23,1,3600
-0.7456,-0.7456,-0.7456,-0.7456,1.0,-0.7456,2017-11-16,2016-12-23,1,3600
-0.7446,-0.7446,-0.7446,-0.7446,1.0,-0.7446,2017-11-17,2016-12-23,1,3600
-0.7448,-0.7448,-0.7448,-0.7448,1.0,-0.7448,2017-11-20,2016-12-23,1,3600
-0.7453,-0.7453,-0.7453,-0.7453,1.0,-0.7453,2017-11-21,2016-12-23,1,3600
-0.7458,-0.7458,-0.7458,-0.7458,1.0,-0.7458,2017-11-22,2016-12-23,1,3600
-0.7451,-0.7451,-0.7451,-0.7451,1.0,-0.7451,2017-11-23,2016-12-23,1,3600
-0.7453,-0.7453,-0.7453,-0.7453,1.0,-0.7453,2017-11-24,2016-12-23,1,3600
-0.7459,-0.7459,-0.7459,-0.7459,1.0,-0.7459,2017-11-27,2016-12-23,1,3600
-0.7457,-0.7457,-0.7457,-0.7457,1.0,-0.7457,2017-11-28,2016-12-23,1,3600
-0.747,-0.747,-0.747,-0.747,1.0,-0.747,2017-11-29,2016-12-23,1,3600
-0.7479,-0.7479,-0.7479,-0.7479,1.0,-0.7479,2017-11-30,2016-12-23,1,3600
-0.7496,-0.7496,-0.7496,-0.7496,1.0,-0.7496,2017-12-01,2016-12-23,1,3600
-0.7476,-0.7476,-0.7476,-0.7476,1.0,-0.7476,2017-12-04,2016-12-23,1,3600
-0.7478,-0.7478,-0.7478,-0.7478,1.0,-0.7478,2017-12-05,2016-12-23,1,3600
-0.7469,-0.7469,-0.7469,-0.7469,1.0,-0.7469,2017-12-06,2016-12-23,1,3600
-0.7465,-0.7465,-0.7465,-0.7465,1.0,-0.7465,2017-12-07,2016-12-23,1,3600
-0.7463,-0.7463,-0.7463,-0.7463,1.0,-0.7463,2017-12-08,2016-12-23,1,3600
-0.7467,-0.7467,-0.7467,-0.7467,1.0,-0.7467,2017-12-11,2016-12-23,1,3600
-0.7469,-0.7469,-0.7469,-0.7469,1.0,-0.7469,2017-12-12,2016-12-23,1,3600
-0.7461,-0.7461,-0.7461,-0.7461,1.0,-0.7461,2017-12-13,2016-12-23,1,3600
-0.7458,-0.7458,-0.7458,-0.7458,1.0,-0.7458,2017-12-14,2016-12-23,1,3600
-0.7465,-0.7465,-0.7465,-0.7465,1.0,-0.7465,2017-12-15,2016-12-23,1,3600
-0.7484,-0.7484,-0.7484,-0.7484,1.0,-0.7484,2017-12-18,2016-12-23,1,3600
-0.7474,-0.7474,-0.7474,-0.7474,1.0,-0.7474,2017-12-19,2016-12-23,1,3600
-0.7477,-0.7477,-0.7477,-0.7477,1.0,-0.7477,2017-12-20,2016-12-23,1,3600
-0.7506,-0.7506,-0.7506,-0.7506,1.0,-0.7506,2017-12-21,2016-12-23,1,3600
-0.75,-0.75,-0.75,-0.75,1.0,-0.75,2017-12-22,2016-12-23,1,3600
-0.7491,-0.7491,-0.7491,-0.7491,1.0,-0.7491,2017-12-25,2016-12-23,1,3600
-0.7493,-0.7493,-0.7493,-0.7493,1.0,-0.7493,2017-12-26,2016-12-23,1,3600
-0.7504,-0.7504,-0.7504,-0.7504,1.0,-0.7504,2017-12-27,2016-12-23,1,3600
-0.7509,-0.7509,-0.7509,-0.7509,1.0,-0.7509,2017-12-28,2016-12-23,1,3600
-0.7498,-0.7498,-0.7498,-0.7498,1.0,-0.7498,2017-12-29,2016-12-23,1,3600
-0.7493,-0.7493,-0.7493,-0.7493,1.0,-0.7493,2018-01-01,2016-12-23,1,3600
-0.7486,-0.7486,-0.7486,-0.7486,1.0,-0.7486,2018-01-02,2016-12-23,1,3600
-0.7479,-0.7479,-0.7479,-0.7479,1.0,-0.7479,2018-01-03,2016-12-23,1,3600
-0.7476,-0.7476,-0.7476,-0.7476,1.0,-0.7476,2018-01-04,2016-12-23,1,3600
-0.7467,-0.7467,-0.7467,-0.7467,1.0,-0.7467,2018-01-05,2016-12-23,1,3600
-0.7475,-0.7475,-0.7475,-0.7475,1.0,-0.7475,2018-01-08,2016-12-23,1,3600
-0.7469,-0.7469,-0.7469,-0.7469,1.0,-0.7469,2018-01-09,2016-12-23,1,3600
-0.7466,-0.7466,-0.7466,-0.7466,1.0,-0.7466,2018-01-10,2016-12-23,1,3600
-0.7461,-0.7461,-0.7461,-0.7461,1.0,-0.7461,2018-01-11,2016-12-23,1,3600
-0.7456,-0.7456,-0.7456,-0.7456,1.0,-0.7456,2018-01-12,2016-12-23,1,3600
-0.7445,-0.7445,-0.7445,-0.7445,1.0,-0.7445,2018-01-15,2016-12-23,1,3600
-0.7444,-0.7444,-0.7444,-0.7444,1.0,-0.7444,2018-01-16,2016-12-23,1,3600
-0.7435,-0.7435,-0.7435,-0.7435,1.0,-0.7435,2018-01-17,2016-12-23,1,3600
-0.7431,-0.7431,-0.7431,-0.7431,1.0,-0.7431,2018-01-18,2016-12-23,1,3600
-0.7434,-0.7434,-0.7434,-0.7434,1.0,-0.7434,2018-01-19,2016-12-23,1,3600
-0.7427,-0.7427,-0.7427,-0.7427,1.0,-0.7427,2018-01-22,2016-12-23,1,3600
-0.7426,-0.7426,-0.7426,-0.7426,1.0,-0.7426,2018-01-23,2016-12-23,1,3600
-0.7435,-0.7435,-0.7435,-0.7435,1.0,-0.7435,2018-01-24,2016-12-23,1,3600
-0.743,-0.743,-0.743,-0.743,1.0,-0.743,2018-01-25,2016-12-23,1,3600
-0.7432,-0.7432,-0.7432,-0.7432,1.0,-0.7432,2018-01-26,2016-12-23,1,3600
-0.7429,-0.7429,-0.7429,-0.7429,1.0,-0.7429,2018-01-29,2016-12-23,1,3600
-0.7434,-0.7434,-0.7434,-0.7434,1.0,-0.7434,2018-01-30,2016-12-23,1,3600
-0.7434,-0.7434,-0.7434,-0.7434,1.0,-0.7434,2018-01-31,2016-12-23,1,3600
-0.7421,-0.7421,-0.7421,-0.7421,1.0,-0.7421,2018-02-01,2016-12-23,1,3600
-0.7405,-0.7405,-0.7405,-0.7405,1.0,-0.7405,2018-02-02,2016-12-23,1,3600
-0.7407,-0.7407,-0.7407,-0.7407,1.0,-0.7407,2018-02-05,2016-12-23,1,3600
-0.7409,-0.7409,-0.7409,-0.7409,1.0,-0.7409,2018-02-06,2016-12-23,1,3600
-0.7413,-0.7413,-0.7413,-0.7413,1.0,-0.7413,2018-02-07,2016-12-23,1,3600
-0.7419,-0.7419,-0.7419,-0.7419,1.0,-0.7419,2018-02-08,2016-12-23,1,3600
-0.7422,-0.7422,-0.7422,-0.7422,1.0,-0.7422,2018-02-09,2016-12-23,1,3600
-0.7431,-0.7431,-0.7431,-0.7431,1.0,-0.7431,2018-02-12,2016-12-23,1,3600
-0.7435,-0.7435,-0.7435,-0.7435,1.0,-0.7435,2018-02-13,2016-12-23,1,3600
-0.7424,-0.7424,-0.7424,-0.7424,1.0,-0.7424,2018-02-14,2016-12-23,1,3600
-0.7428,-0.7428,-0.7428,-0.7428,1.0,-0.7428,2018-02-15,2016-12-23,1,3600
-0.7438,-0.7438,-0.7438,-0.7438,1.0,-0.7438,2018-02-16,2016-12-23,1,3600
-0.7451,-0.7451,-0.7451,-0.7451,1.0,-0.7451,2018-02-19,2016-12-23,1,3600
-0.7439,-0.7439,-0.7439,-0.7439,1.0,-0.7439,2018-02-20,2016-12-23,1,3600
-0.7438,-0.7438,-0.7438,-0.7438,1.0,-0.7438,2018-02-21,2016-12-23,1,3600
-0.7429,-0.7429,-0.7429,-0.7429,1.0,-0.7429,2018-02-22,2016-12-23,1,3600
-0.7428,-0.7428,-0.7428,-0.7428,1.0,-0.7428,2018-02-23,2016-12-23,1,3600
-0.7419,-0.7419,-0.7419,-0.7419,1.0,-0.7419,2018-02-26,2016-12-23,1,3600
-0.7405,-0.7405,-0.7405,-0.7405,1.0,-0.7405,2018-02-27,2016-12-23,1,3600
-0.7412,-0.7412,-0.7412,-0.7412,1.0,-0.7412,2018-02-28,2016-12-23,1,3600
-0.7419,-0.7419,-0.7419,-0.7419,1.0,-0.7419,2018-03-01,2016-12-23,1,3600
-0.742,-0.742,-0.742,-0.742,1.0,-0.742,2018-03-02,2016-12-23,1,3600
-0.7418,-0.7418,-0.7418,-0.7418,1.0,-0.7418,2018-03-05,2016-12-23,1,3600
-0.7434,-0.7434,-0.7434,-0.7434,1.0,-0.7434,2018-03-06,2016-12-23,1,3600
-0.7429,-0.7429,-0.7429,-0.7429,1.0,-0.7429,2018-03-07,2016-12-23,1,3600
-0.7429,-0.7429,-0.7429,-0.7429,1.0,-0.7429,2018-03-08,2016-12-23,1,3600
-0.7423,-0.7423,-0.7423,-0.7423,1.0,-0.7423,2018-03-09,2016-12-23,1,3600
-0.7416,-0.7416,-0.7416,-0.7416,1.0,-0.7416,2018-03-12,2016-12-23,1,3600
-0.7414,-0.7414,-0.7414,-0.7414,1.0,-0.7414,2018-03-13,2016-12-23,1,3600
-0.7413,-0.7413,-0.7413,-0.7413,1.0,-0.7413,2018-03-14,2016-12-23,1,3600
-0.7407,-0.7407,-0.7407,-0.7407,1.0,-0.7407,2018-03-15,2016-12-23,1,3600
-0.7416,-0.7416,-0.7416,-0.7416,1.0,-0.7416,2018-03-16,2016-12-23,1,3600
-0.7411,-0.7411,-0.7411,-0.7411,1.0,-0.7411,2018-03-19,2016-12-23,1,3600
-0.7413,-0.7413,-0.7413,-0.7413,1.0,-0.7413,2018-03-20,2016-12-23,1,3600
-0.7417,-0.7417,-0.7417,-0.7417,1.0,-0.7417,2018-03-21,2016-12-23,1,3600
-0.7423,-0.7423,-0.7423,-0.7423,1.0,-0.7423,2018-03-22,2016-12-23,1,3600
-0.7419,-0.7419,-0.7419,-0.7419,1.0,-0.7419,2018-03-23,2016-12-23,1,3600
-0.7405,-0.7405,-0.7405,-0.7405,1.0,-0.7405,2018-03-26,2016-12-23,1,3600
-0.74,-0.74,-0.74,-0.74,1.0,-0.74,2018-03-27,2016-12-23,1,3600
-0.7399,-0.7399,-0.7399,-0.7399,1.0,-0.7399,2018-03-28,2016-12-23,1,3600
-0.7383,-0.7383,-0.7383,-0.7383,1.0,-0.7383,2018-03-29,2016-12-23,1,3600
-0.7382,-0.7382,-0.7382,-0.7382,1.0,-0.7382,2018-03-30,2016-12-23,1,3600
-0.737,-0.737,-0.737,-0.737,1.0,-0.737,2018-04-02,2016-12-23,1,3600
-0.7354,-0.7354,-0.7354,-0.7354,1.0,-0.7354,2018-04-03,2016-12-23,1,3600
-0.7348,-0.7348,-0.7348,-0.7348,1.0,-0.7348,2018-04-04,2016-12-23,1,3600
-0.7341,-0.7341,-0.7341,-0.7341,1.0,-0.7341,2018-04-05,2016-12-23,1,3600
-0.7339,-0.7339,-0.7339,-0.7339,1.0,-0.7339,2018-04-06,2016-12-23,1,3600
-0.7336,-0.7336,-0.7336,-0.7336,1.0,-0.7336,2018-04-09,2016-12-23,1,3600
-0.7335,-0.7335,-0.7335,-0.7335,1.0,-0.7335,2018-04-10,2016-12-23,1,3600
-0.7325,-0.7325,-0.7325,-0.7325,1.0,-0.7325,2018-04-11,2016-12-23,1,3600
-0.7341,-0.7341,-0.7341,-0.7341,1.0,-0.7341,2018-04-12,2016-12-23,1,3600
-0.7339,-0.7339,-0.7339,-0.7339,1.0,-0.7339,2018-04-13,2016-12-23,1,3600
-0.7337,-0.7337,-0.7337,-0.7337,1.0,-0.7337,2018-04-16,2016-12-23,1,3600
-0.7345,-0.7345,-0.7345,-0.7345,1.0,-0.7345,2018-04-17,2016-12-23,1,3600
-0.7341,-0.7341,-0.7341,-0.7341,1.0,-0.7341,2018-04-18,2016-12-23,1,3600
-0.7332,-0.7332,-0.7332,-0.7332,1.0,-0.7332,2018-04-19,2016-12-23,1,3600
-0.732,-0.732,-0.732,-0.732,1.0,-0.732,2018-04-20,2016-12-23,1,3600
-0.7296,-0.7296,-0.7296,-0.7296,1.0,-0.7296,2018-04-23,2016-12-23,1,3600
-0.7285,-0.7285,-0.7285,-0.7285,1.0,-0.7285,2018-04-24,2016-12-23,1,3600
-0.7293,-0.7293,-0.7293,-0.7293,1.0,-0.7293,2018-04-25,2016-12-23,1,3600
-0.7278,-0.7278,-0.7278,-0.7278,1.0,-0.7278,2018-04-26,2016-12-23,1,3600
-0.7274,-0.7274,-0.7274,-0.7274,1.0,-0.7274,2018-04-27,2016-12-23,1,3600
-0.7269,-0.7269,-0.7269,-0.7269,1.0,-0.7269,2018-04-30,2016-12-23,1,3600
-0.7277,-0.7277,-0.7277,-0.7277,1.0,-0.7277,2018-05-01,2016-12-23,1,3600
-0.727,-0.727,-0.727,-0.727,1.0,-0.727,2018-05-02,2016-12-23,1,3600
-0.7269,-0.7269,-0.7269,-0.7269,1.0,-0.7269,2018-05-03,2016-12-23,1,3600
-0.727,-0.727,-0.727,-0.727,1.0,-0.727,2018-05-04,2016-12-23,1,3600
-0.7284,-0.7284,-0.7284,-0.7284,1.0,-0.7284,2018-05-07,2016-12-23,1,3600
-0.7296,-0.7296,-0.7296,-0.7296,1.0,-0.7296,2018-05-08,2016-12-23,1,3600
-0.7282,-0.7282,-0.7282,-0.7282,1.0,-0.7282,2018-05-09,2016-12-23,1,3600
-0.7278,-0.7278,-0.7278,-0.7278,1.0,-0.7278,2018-05-10,2016-12-23,1,3600
-0.7278,-0.7278,-0.7278,-0.7278,1.0,-0.7278,2018-05-11,2016-12-23,1,3600
-0.7278,-0.7278,-0.7278,-0.7278,1.0,-0.7278,2018-05-14,2016-12-23,1,3600
-0.7267,-0.7267,-0.7267,-0.7267,1.0,-0.7267,2018-05-15,2016-12-23,1,3600
-0.7301,-0.7301,-0.7301,-0.7301,1.0,-0.7301,2018-05-16,2016-12-23,1,3600
-0.729,-0.729,-0.729,-0.729,1.0,-0.729,2018-05-17,2016-12-23,1,3600
-0.7288,-0.7288,-0.7288,-0.7288,1.0,-0.7288,2018-05-18,2016-12-23,1,3600
-0.7285,-0.7285,-0.7285,-0.7285,1.0,-0.7285,2018-05-21,2016-12-23,1,3600
-0.7285,-0.7285,-0.7285,-0.7285,1.0,-0.7285,2018-05-22,2016-12-23,1,3600
-0.7298,-0.7298,-0.7298,-0.7298,1.0,-0.7298,2018-05-23,2016-12-23,1,3600
-0.7308,-0.7308,-0.7308,-0.7308,1.0,-0.7308,2018-05-24,2016-12-23,1,3600
-0.7317,-0.7317,-0.7317,-0.7317,1.0,-0.7317,2018-05-25,2016-12-23,1,3600
-0.734,-0.734,-0.734,-0.734,1.0,-0.734,2018-05-28,2016-12-23,1,3600
-0.7344,-0.7344,-0.7344,-0.7344,1.0,-0.7344,2018-05-29,2016-12-23,1,3600
-0.7351,-0.7351,-0.7351,-0.7351,1.0,-0.7351,2018-05-30,2016-12-23,1,3600
-0.7348,-0.7348,-0.7348,-0.7348,1.0,-0.7348,2018-05-31,2016-12-23,1,3600
-0.734,-0.734,-0.734,-0.734,1.0,-0.734,2018-06-01,2016-12-23,1,3600
-0.7354,-0.7354,-0.7354,-0.7354,1.0,-0.7354,2018-06-04,2016-12-23,1,3600
-0.7372,-0.7372,-0.7372,-0.7372,1.0,-0.7372,2018-06-05,2016-12-23,1,3600
-0.7354,-0.7354,-0.7354,-0.7354,1.0,-0.7354,2018-06-06,2016-12-23,1,3600
-0.734,-0.734,-0.734,-0.734,1.0,-0.734,2018-06-07,2016-12-23,1,3600
-0.7328,-0.7328,-0.7328,-0.7328,1.0,-0.7328,2018-06-08,2016-12-23,1,3600
-0.7334,-0.7334,-0.7334,-0.7334,1.0,-0.7334,2018-06-11,2016-12-23,1,3600
-0.7353,-0.7353,-0.7353,-0.7353,1.0,-0.7353,2018-06-12,2016-12-23,1,3600
-0.7368,-0.7368,-0.7368,-0.7368,1.0,-0.7368,2018-06-13,2016-12-23,1,3600
-0.7371,-0.7371,-0.7371,-0.7371,1.0,-0.7371,2018-06-14,2016-12-23,1,3600
-0.7372,-0.7372,-0.7372,-0.7372,1.0,-0.7372,2018-06-15,2016-12-23,1,3600
-0.7384,-0.7384,-0.7384,-0.7384,1.0,-0.7384,2018-06-18,2016-12-23,1,3600
-0.7411,-0.7411,-0.7411,-0.7411,1.0,-0.7411,2018-06-19,2016-12-23,1,3600
-0.7419,-0.7419,-0.7419,-0.7419,1.0,-0.7419,2018-06-20,2016-12-23,1,3600
-0.7458,-0.7458,-0.7458,-0.7458,1.0,-0.7458,2018-06-21,2016-12-23,1,3600
-0.7446,-0.7446,-0.7446,-0.7446,1.0,-0.7446,2018-06-22,2016-12-23,1,3600
-0.7427,-0.7427,-0.7427,-0.7427,1.0,-0.7427,2018-06-25,2016-12-23,1,3600
-0.7415,-0.7415,-0.7415,-0.7415,1.0,-0.7415,2018-06-26,2016-12-23,1,3600
-0.7425,-0.7425,-0.7425,-0.7425,1.0,-0.7425,2018-06-27,2016-12-23,1,3600
-0.7435,-0.7435,-0.7435,-0.7435,1.0,-0.7435,2018-06-28,2016-12-23,1,3600
-0.7478,-0.7478,-0.7478,-0.7478,1.0,-0.7478,2018-06-29,2016-12-23,1,3600
-0.7463,-0.7463,-0.7463,-0.7463,1.0,-0.7463,2018-07-02,2016-12-23,1,3600
-0.745,-0.745,-0.745,-0.745,1.0,-0.745,2018-07-03,2016-12-23,1,3600
-0.7439,-0.7439,-0.7439,-0.7439,1.0,-0.7439,2018-07-04,2016-12-23,1,3600
-0.7445,-0.7445,-0.7445,-0.7445,1.0,-0.7445,2018-07-05,2016-12-23,1,3600
-0.7444,-0.7444,-0.7444,-0.7444,1.0,-0.7444,2018-07-06,2016-12-23,1,3600
-0.7437,-0.7437,-0.7437,-0.7437,1.0,-0.7437,2018-07-09,2016-12-23,1,3600
-0.7413,-0.7413,-0.7413,-0.7413,1.0,-0.7413,2018-07-10,2016-12-23,1,3600
-0.7396,-0.7396,-0.7396,-0.7396,1.0,-0.7396,2018-07-11,2016-12-23,1,3600
-0.7405,-0.7405,-0.7405,-0.7405,1.0,-0.7405,2018-07-12,2016-12-23,1,3600
-0.7392,-0.7392,-0.7392,-0.7392,1.0,-0.7392,2018-07-13,2016-12-23,1,3600
-0.7386,-0.7386,-0.7386,-0.7386,1.0,-0.7386,2018-07-16,2016-12-23,1,3600
-0.7391,-0.7391,-0.7391,-0.7391,1.0,-0.7391,2018-07-17,2016-12-23,1,3600
-0.7388,-0.7388,-0.7388,-0.7388,1.0,-0.7388,2018-07-18,2016-12-23,1,3600
-0.7389,-0.7389,-0.7389,-0.7389,1.0,-0.7389,2018-07-19,2016-12-23,1,3600
-0.7396,-0.7396,-0.7396,-0.7396,1.0,-0.7396,2018-07-20,2016-12-23,1,3600
-0.7392,-0.7392,-0.7392,-0.7392,1.0,-0.7392,2018-07-23,2016-12-23,1,3600
-0.7389,-0.7389,-0.7389,-0.7389,1.0,-0.7389,2018-07-24,2016-12-23,1,3600
-0.7391,-0.7391,-0.7391,-0.7391,1.0,-0.7391,2018-07-25,2016-12-23,1,3600
-0.7392,-0.7392,-0.7392,-0.7392,1.0,-0.7392,2018-07-26,2016-12-23,1,3600
-0.7402,-0.7402,-0.7402,-0.7402,1.0,-0.7402,2018-07-27,2016-12-23,1,3600
-0.7394,-0.7394,-0.7394,-0.7394,1.0,-0.7394,2018-07-30,2016-12-23,1,3600
-0.7382,-0.7382,-0.7382,-0.7382,1.0,-0.7382,2018-07-31,2016-12-23,1,3600
-0.7381,-0.7381,-0.7381,-0.7381,1.0,-0.7381,2018-08-01,2016-12-23,1,3600
-0.7383,-0.7383,-0.7383,-0.7383,1.0,-0.7383,2018-08-02,2016-12-23,1,3600
-0.7375,-0.7375,-0.7375,-0.7375,1.0,-0.7375,2018-08-03,2016-12-23,1,3600
-0.7373,-0.7373,-0.7373,-0.7373,1.0,-0.7373,2018-08-06,2016-12-23,1,3600
-0.7378,-0.7378,-0.7378,-0.7378,1.0,-0.7378,2018-08-07,2016-12-23,1,3600
-0.7391,-0.7391,-0.7391,-0.7391,1.0,-0.7391,2018-08-08,2016-12-23,1,3600
-0.7382,-0.7382,-0.7382,-0.7382,1.0,-0.7382,2018-08-09,2016-12-23,1,3600
-0.7386,-0.7386,-0.7386,-0.7386,1.0,-0.7386,2018-08-10,2016-12-23,1,3600
-0.7395,-0.7395,-0.7395,-0.7395,1.0,-0.7395,2018-08-13,2016-12-23,1,3600
-0.7384,-0.7384,-0.7384,-0.7384,1.0,-0.7384,2018-08-14,2016-12-23,1,3600
-0.7376,-0.7376,-0.7376,-0.7376,1.0,-0.7376,2018-08-15,2016-12-23,1,3600
-0.738,-0.738,-0.738,-0.738,1.0,-0.738,2018-08-16,2016-12-23,1,3600
-0.7369,-0.7369,-0.7369,-0.7369,1.0,-0.7369,2018-08-17,2016-12-23,1,3600
-0.735,-0.735,-0.735,-0.735,1.0,-0.735,2018-08-20,2016-12-23,1,3600
-0.7335,-0.7335,-0.7335,-0.7335,1.0,-0.7335,2018-08-21,2016-12-23,1,3600
-0.7321,-0.7321,-0.7321,-0.7321,1.0,-0.7321,2018-08-22,2016-12-23,1,3600
-0.7324,-0.7324,-0.7324,-0.7324,1.0,-0.7324,2018-08-23,2016-12-23,1,3600
-0.732,-0.732,-0.732,-0.732,1.0,-0.732,2018-08-24,2016-12-23,1,3600
-0.731,-0.731,-0.731,-0.731,1.0,-0.731,2018-08-27,2016-12-23,1,3600
-0.7307,-0.7307,-0.7307,-0.7307,1.0,-0.7307,2018-08-28,2016-12-23,1,3600
-0.7313,-0.7313,-0.7313,-0.7313,1.0,-0.7313,2018-08-29,2016-12-23,1,3600
-0.7304,-0.7304,-0.7304,-0.7304,1.0,-0.7304,2018-08-30,2016-12-23,1,3600
-0.7294,-0.7294,-0.7294,-0.7294,1.0,-0.7294,2018-08-31,2016-12-23,1,3600
-0.7292,-0.7292,-0.7292,-0.7292,1.0,-0.7292,2018-09-03,2016-12-23,1,3600
-0.7293,-0.7293,-0.7293,-0.7293,1.0,-0.7293,2018-09-04,2016-12-23,1,3600
-0.7299,-0.7299,-0.7299,-0.7299,1.0,-0.7299,2018-09-05,2016-12-23,1,3600
-0.7299,-0.7299,-0.7299,-0.7299,1.0,-0.7299,2018-09-06,2016-12-23,1,3600
-0.7284,-0.7284,-0.7284,-0.7284,1.0,-0.7284,2018-09-07,2016-12-23,1,3600
-0.7281,-0.7281,-0.7281,-0.7281,1.0,-0.7281,2018-09-10,2016-12-23,1,3600
-0.7272,-0.7272,-0.7272,-0.7272,1.0,-0.7272,2018-09-11,2016-12-23,1,3600
-0.7265,-0.7265,-0.7265,-0.7265,1.0,-0.7265,2018-09-12,2016-12-23,1,3600
-0.7272,-0.7272,-0.7272,-0.7272,1.0,-0.7272,2018-09-13,2016-12-23,1,3600
-0.7286,-0.7286,-0.7286,-0.7286,1.0,-0.7286,2018-09-14,2016-12-23,1,3600
-0.7278,-0.7278,-0.7278,-0.7278,1.0,-0.7278,2018-09-17,2016-12-23,1,3600
-0.7268,-0.7268,-0.7268,-0.7268,1.0,-0.7268,2018-09-18,2016-12-23,1,3600
-0.7248,-0.7248,-0.7248,-0.7248,1.0,-0.7248,2018-09-19,2016-12-23,1,3600
-0.7261,-0.7261,-0.7261,-0.7261,1.0,-0.7261,2018-09-20,2016-12-23,1,3600
-0.7265,-0.7265,-0.7265,-0.7265,1.0,-0.7265,2018-09-21,2016-12-23,1,3600
-0.7277,-0.7277,-0.7277,-0.7277,1.0,-0.7277,2018-09-24,2016-12-23,1,3600
-0.7278,-0.7278,-0.7278,-0.7278,1.0,-0.7278,2018-09-25,2016-12-23,1,3600
-0.7288,-0.7288,-0.7288,-0.7288,1.0,-0.7288,2018-09-26,2016-12-23,1,3600
-0.7304,-0.7304,-0.7304,-0.7304,1.0,-0.7304,2018-09-27,2016-12-23,1,3600
-0.7291,-0.7291,-0.7291,-0.7291,1.0,-0.7291,2018-09-28,2016-12-23,1,3600
-0.7295,-0.7295,-0.7295,-0.7295,1.0,-0.7295,2018-10-01,2016-12-23,1,3600
-0.7297,-0.7297,-0.7297,-0.7297,1.0,-0.7297,2018-10-02,2016-12-23,1,3600
-0.7303,-0.7303,-0.7303,-0.7303,1.0,-0.7303,2018-10-03,2016-12-23,1,3600
-0.7318,-0.7318,-0.7318,-0.7318,1.0,-0.7318,2018-10-04,2016-12-23,1,3600
-0.7315,-0.7315,-0.7315,-0.7315,1.0,-0.7315,2018-10-05,2016-12-23,1,3600
-0.7299,-0.7299,-0.7299,-0.7299,1.0,-0.7299,2018-10-08,2016-12-23,1,3600
-0.7299,-0.7299,-0.7299,-0.7299,1.0,-0.7299,2018-10-09,2016-12-23,1,3600
-0.73,-0.73,-0.73,-0.73,1.0,-0.73,2018-10-10,2016-12-23,1,3600
-0.7291,-0.7291,-0.7291,-0.7291,1.0,-0.7291,2018-10-11,2016-12-23,1,3600
-0.7274,-0.7274,-0.7274,-0.7274,1.0,-0.7274,2018-10-12,2016-12-23,1,3600
-0.7264,-0.7264,-0.7264,-0.7264,1.0,-0.7264,2018-10-15,2016-12-23,1,3600
-0.7259,-0.7259,-0.7259,-0.7259,1.0,-0.7259,2018-10-16,2016-12-23,1,3600
-0.7248,-0.7248,-0.7248,-0.7248,1.0,-0.7248,2018-10-17,2016-12-23,1,3600
-0.7258,-0.7258,-0.7258,-0.7258,1.0,-0.7258,2018-10-18,2016-12-23,1,3600
-0.7256,-0.7256,-0.7256,-0.7256,1.0,-0.7256,2018-10-19,2016-12-23,1,3600
-0.7242,-0.7242,-0.7242,-0.7242,1.0,-0.7242,2018-10-22,2016-12-23,1,3600
-0.7254,-0.7254,-0.7254,-0.7254,1.0,-0.7254,2018-10-23,2016-12-23,1,3600
-0.7265,-0.7265,-0.7265,-0.7265,1.0,-0.7265,2018-10-24,2016-12-23,1,3600
-0.7252,-0.7252,-0.7252,-0.7252,1.0,-0.7252,2018-10-25,2016-12-23,1,3600
-0.7248,-0.7248,-0.7248,-0.7248,1.0,-0.7248,2018-10-26,2016-12-23,1,3600
-0.7254,-0.7254,-0.7254,-0.7254,1.0,-0.7254,2018-10-29,2016-12-23,1,3600
-0.7239,-0.7239,-0.7239,-0.7239,1.0,-0.7239,2018-10-30,2016-12-23,1,3600
-0.7231,-0.7231,-0.7231,-0.7231,1.0,-0.7231,2018-10-31,2016-12-23,1,3600
-0.723,-0.723,-0.723,-0.723,1.0,-0.723,2018-11-01,2016-12-23,1,3600
-0.7223,-0.7223,-0.7223,-0.7223,1.0,-0.7223,2018-11-02,2016-12-23,1,3600
-0.7214,-0.7214,-0.7214,-0.7214,1.0,-0.7214,2018-11-05,2016-12-23,1,3600
-0.7203,-0.7203,-0.7203,-0.7203,1.0,-0.7203,2018-11-06,2016-12-23,1,3600
-0.7206,-0.7206,-0.7206,-0.7206,1.0,-0.7206,2018-11-07,2016-12-23,1,3600
-0.7208,-0.7208,-0.7208,-0.7208,1.0,-0.7208,2018-11-08,2016-12-23,1,3600
-0.7238,-0.7238,-0.7238,-0.7238,1.0,-0.7238,2018-11-09,2016-12-23,1,3600
-0.7213,-0.7213,-0.7213,-0.7213,1.0,-0.7213,2018-11-12,2016-12-23,1,3600
-0.7174,-0.7174,-0.7174,-0.7174,1.0,-0.7174,2018-11-13,2016-12-23,1,3600
-0.7207,-0.7207,-0.7207,-0.7207,1.0,-0.7207,2018-11-14,2016-12-23,1,3600
-0.7181,-0.7181,-0.7181,-0.7181,1.0,-0.7181,2018-11-15,2016-12-23,1,3600
-0.7219,-0.7219,-0.7219,-0.7219,1.0,-0.7219,2018-11-16,2016-12-23,1,3600
-0.7221,-0.7221,-0.7221,-0.7221,1.0,-0.7221,2018-11-19,2016-12-23,1,3600
-0.7263,-0.7263,-0.7263,-0.7263,1.0,-0.7263,2018-11-20,2016-12-23,1,3600
-0.724,-0.724,-0.724,-0.724,1.0,-0.724,2018-11-21,2016-12-23,1,3600
-0.7217,-0.7217,-0.7217,-0.7217,1.0,-0.7217,2018-11-22,2016-12-23,1,3600
-0.7204,-0.7204,-0.7204,-0.7204,1.0,-0.7204,2018-11-23,2016-12-23,1,3600
-0.722,-0.722,-0.722,-0.722,1.0,-0.722,2018-11-26,2016-12-23,1,3600
-0.7232,-0.7232,-0.7232,-0.7232,1.0,-0.7232,2018-11-27,2016-12-23,1,3600
-0.7221,-0.7221,-0.7221,-0.7221,1.0,-0.7221,2018-11-28,2016-12-23,1,3600
-0.7213,-0.7213,-0.7213,-0.7213,1.0,-0.7213,2018-11-29,2016-12-23,1,3600
-0.7214,-0.7214,-0.7214,-0.7214,1.0,-0.7214,2018-11-30,2016-12-23,1,3600
-0.7221,-0.7221,-0.7221,-0.7221,1.0,-0.7221,2018-12-03,2016-12-23,1,3600
-0.7217,-0.7217,-0.7217,-0.7217,1.0,-0.7217,2018-12-04,2016-12-23,1,3600
-0.7223,-0.7223,-0.7223,-0.7223,1.0,-0.7223,2018-12-05,2016-12-23,1,3600
-0.7189,-0.7189,-0.7189,-0.7189,1.0,-0.7189,2018-12-06,2016-12-23,1,3600
-0.7185,-0.7185,-0.7185,-0.7185,1.0,-0.7185,2018-12-07,2016-12-23,1,3600
-0.7168,-0.7168,-0.7168,-0.7168,1.0,-0.7168,2018-12-10,2016-12-23,1,3600
-0.7174,-0.7174,-0.7174,-0.7174,1.0,-0.7174,2018-12-11,2016-12-23,1,3600
-0.7185,-0.7185,-0.7185,-0.7185,1.0,-0.7185,2018-12-12,2016-12-23,1,3600
-0.716,-0.716,-0.716,-0.716,1.0,-0.716,2018-12-13,2016-12-23,1,3600
-0.7158,-0.7158,-0.7158,-0.7158,1.0,-0.7158,2018-12-14,2016-12-23,1,3600
-0.7143,-0.7143,-0.7143,-0.7143,1.0,-0.7143,2018-12-17,2016-12-23,1,3600
-0.7154,-0.7154,-0.7154,-0.7154,1.0,-0.7154,2018-12-18,2016-12-23,1,3600
-0.7153,-0.7153,-0.7153,-0.7153,1.0,-0.7153,2018-12-19,2016-12-23,1,3600
-0.7138,-0.7138,-0.7138,-0.7138,1.0,-0.7138,2018-12-20,2016-12-23,1,3600
-0.712,-0.712,-0.712,-0.712,1.0,-0.712,2018-12-21,2016-12-23,1,3600
-0.7099,-0.7099,-0.7099,-0.7099,1.0,-0.7099,2018-12-24,2016-12-23,1,3600
-0.7076,-0.7076,-0.7076,-0.7076,1.0,-0.7076,2018-12-25,2016-12-23,1,3600
-0.7102,-0.7102,-0.7102,-0.7102,1.0,-0.7102,2018-12-26,2016-12-23,1,3600
-0.7115,-0.7115,-0.7115,-0.7115,1.0,-0.7115,2018-12-27,2016-12-23,1,3600
-0.7117,-0.7117,-0.7117,-0.7117,1.0,-0.7117,2018-12-28,2016-12-23,1,3600
-0.7126,-0.7126,-0.7126,-0.7126,1.0,-0.7126,2018-12-31,2016-12-23,1,3600
-0.7122,-0.7122,-0.7122,-0.7122,1.0,-0.7122,2019-01-01,2016-12-23,1,3600
-0.7103,-0.7103,-0.7103,-0.7103,1.0,-0.7103,2019-01-02,2016-12-23,1,3600
-0.709,-0.709,-0.709,-0.709,1.0,-0.709,2019-01-03,2016-12-23,1,3600
-0.7101,-0.7101,-0.7101,-0.7101,1.0,-0.7101,2019-01-04,2016-12-23,1,3600
-0.7105,-0.7105,-0.7105,-0.7105,1.0,-0.7105,2019-01-07,2016-12-23,1,3600
-0.7138,-0.7138,-0.7138,-0.7138,1.0,-0.7138,2019-01-08,2016-12-23,1,3600
-0.7133,-0.7133,-0.7133,-0.7133,1.0,-0.7133,2019-01-09,2016-12-23,1,3600
-0.7125,-0.7125,-0.7125,-0.7125,1.0,-0.7125,2019-01-10,2016-12-23,1,3600
-0.7151,-0.7151,-0.7151,-0.7151,1.0,-0.7151,2019-01-11,2016-12-23,1,3600
-0.7157,-0.7157,-0.7157,-0.7157,1.0,-0.7157,2019-01-14,2016-12-23,1,3600
-0.7119,-0.7119,-0.7119,-0.7119,1.0,-0.7119,2019-01-15,2016-12-23,1,3600
-0.711,-0.711,-0.711,-0.711,1.0,-0.711,2019-01-16,2016-12-23,1,3600
-0.7112,-0.7112,-0.7112,-0.7112,1.0,-0.7112,2019-01-17,2016-12-23,1,3600
-0.7116,-0.7116,-0.7116,-0.7116,1.0,-0.7116,2019-01-18,2016-12-23,1,3600
-0.7122,-0.7122,-0.7122,-0.7122,1.0,-0.7122,2019-01-21,2016-12-23,1,3600
-0.7145,-0.7145,-0.7145,-0.7145,1.0,-0.7145,2019-01-22,2016-12-23,1,3600
-0.717,-0.717,-0.717,-0.717,1.0,-0.717,2019-01-23,2016-12-23,1,3600
-0.714,-0.714,-0.714,-0.714,1.0,-0.714,2019-01-24,2016-12-23,1,3600
-0.714,-0.714,-0.714,-0.714,1.0,-0.714,2019-01-25,2016-12-23,1,3600
-0.7154,-0.7154,-0.7154,-0.7154,1.0,-0.7154,2019-01-28,2016-12-23,1,3600
-0.7193,-0.7193,-0.7193,-0.7193,1.0,-0.7193,2019-01-29,2016-12-23,1,3600
-0.72,-0.72,-0.72,-0.72,1.0,-0.72,2019-01-30,2016-12-23,1,3600
-0.7186,-0.7186,-0.7186,-0.7186,1.0,-0.7186,2019-01-31,2016-12-23,1,3600
-0.7178,-0.7178,-0.7178,-0.7178,1.0,-0.7178,2019-02-01,2016-12-23,1,3600
-0.7166,-0.7166,-0.7166,-0.7166,1.0,-0.7166,2019-02-04,2016-12-23,1,3600
-0.7182,-0.7182,-0.7182,-0.7182,1.0,-0.7182,2019-02-05,2016-12-23,1,3600
-0.7191,-0.7191,-0.7191,-0.7191,1.0,-0.7191,2019-02-06,2016-12-23,1,3600
-0.7176,-0.7176,-0.7176,-0.7176,1.0,-0.7176,2019-02-07,2016-12-23,1,3600
-0.7188,-0.7188,-0.7188,-0.7188,1.0,-0.7188,2019-02-08,2016-12-23,1,3600
-0.7204,-0.7204,-0.7204,-0.7204,1.0,-0.7204,2019-02-11,2016-12-23,1,3600
-0.7208,-0.7208,-0.7208,-0.7208,1.0,-0.7208,2019-02-12,2016-12-23,1,3600
-0.7221,-0.7221,-0.7221,-0.7221,1.0,-0.7221,2019-02-13,2016-12-23,1,3600
-0.723,-0.723,-0.723,-0.723,1.0,-0.723,2019-02-14,2016-12-23,1,3600
-0.7252,-0.7252,-0.7252,-0.7252,1.0,-0.7252,2019-02-15,2016-12-23,1,3600
-0.7266,-0.7266,-0.7266,-0.7266,1.0,-0.7266,2019-02-18,2016-12-23,1,3600
-0.7253,-0.7253,-0.7253,-0.7253,1.0,-0.7253,2019-02-19,2016-12-23,1,3600
-0.7268,-0.7268,-0.7268,-0.7268,1.0,-0.7268,2019-02-20,2016-12-23,1,3600
-0.7272,-0.7272,-0.7272,-0.7272,1.0,-0.7272,2019-02-21,2016-12-23,1,3600
-0.7266,-0.7266,-0.7266,-0.7266,1.0,-0.7266,2019-02-22,2016-12-23,1,3600
-0.7239,-0.7239,-0.7239,-0.7239,1.0,-0.7239,2019-02-25,2016-12-23,1,3600
-0.7273,-0.7273,-0.7273,-0.7273,1.0,-0.7273,2019-02-26,2016-12-23,1,3600
-0.7313,-0.7313,-0.7313,-0.7313,1.0,-0.7313,2019-02-27,2016-12-23,1,3600
-0.7306,-0.7306,-0.7306,-0.7306,1.0,-0.7306,2019-02-28,2016-12-23,1,3600
-0.7326,-0.7326,-0.7326,-0.7326,1.0,-0.7326,2019-03-01,2016-12-23,1,3600
-0.7316,-0.7316,-0.7316,-0.7316,1.0,-0.7316,2019-03-04,2016-12-23,1,3600
-0.7274,-0.7274,-0.7274,-0.7274,1.0,-0.7274,2019-03-05,2016-12-23,1,3600
-0.7266,-0.7266,-0.7266,-0.7266,1.0,-0.7266,2019-03-06,2016-12-23,1,3600
-0.7253,-0.7253,-0.7253,-0.7253,1.0,-0.7253,2019-03-07,2016-12-23,1,3600
-0.7271,-0.7271,-0.7271,-0.7271,1.0,-0.7271,2019-03-08,2016-12-23,1,3600
-0.7298,-0.7298,-0.7298,-0.7298,1.0,-0.7298,2019-03-11,2016-12-23,1,3600
-0.7315,-0.7315,-0.7315,-0.7315,1.0,-0.7315,2019-03-12,2016-12-23,1,3600
-0.7301,-0.7301,-0.7301,-0.7301,1.0,-0.7301,2019-03-13,2016-12-23,1,3600
-0.7315,-0.7315,-0.7315,-0.7315,1.0,-0.7315,2019-03-14,2016-12-23,1,3600
-0.731,-0.731,-0.731,-0.731,1.0,-0.731,2019-03-15,2016-12-23,1,3600
-0.7289,-0.7289,-0.7289,-0.7289,1.0,-0.7289,2019-03-18,2016-12-23,1,3600
-0.7301,-0.7301,-0.7301,-0.7301,1.0,-0.7301,2019-03-19,2016-12-23,1,3600
-0.7319,-0.7319,-0.7319,-0.7319,1.0,-0.7319,2019-03-20,2016-12-23,1,3600
-0.7309,-0.7309,-0.7309,-0.7309,1.0,-0.7309,2019-03-21,2016-12-23,1,3600
-0.7283,-0.7283,-0.7283,-0.7283,1.0,-0.7283,2019-03-22,2016-12-23,1,3600
-0.7298,-0.7298,-0.7298,-0.7298,1.0,-0.7298,2019-03-25,2016-12-23,1,3600
-0.7312,-0.7312,-0.7312,-0.7312,1.0,-0.7312,2019-03-26,2016-12-23,1,3600
-0.7288,-0.7288,-0.7288,-0.7288,1.0,-0.7288,2019-03-27,2016-12-23,1,3600
-0.7282,-0.7282,-0.7282,-0.7282,1.0,-0.7282,2019-03-28,2016-12-23,1,3600
-0.7253,-0.7253,-0.7253,-0.7253,1.0,-0.7253,2019-03-29,2016-12-23,1,3600
-0.7239,-0.7239,-0.7239,-0.7239,1.0,-0.7239,2019-04-01,2016-12-23,1,3600
-0.7192,-0.7192,-0.7192,-0.7192,1.0,-0.7192,2019-04-02,2016-12-23,1,3600
-0.7162,-0.7162,-0.7162,-0.7162,1.0,-0.7162,2019-04-03,2016-12-23,1,3600
-0.7179,-0.7179,-0.7179,-0.7179,1.0,-0.7179,2019-04-04,2016-12-23,1,3600
-0.7184,-0.7184,-0.7184,-0.7184,1.0,-0.7184,2019-04-05,2016-12-23,1,3600
-0.7156,-0.7156,-0.7156,-0.7156,1.0,-0.7156,2019-04-08,2016-12-23,1,3600
-0.7155,-0.7155,-0.7155,-0.7155,1.0,-0.7155,2019-04-09,2016-12-23,1,3600
-0.7149,-0.7149,-0.7149,-0.7149,1.0,-0.7149,2019-04-10,2016-12-23,1,3600
-0.7158,-0.7158,-0.7158,-0.7158,1.0,-0.7158,2019-04-11,2016-12-23,1,3600
-0.716,-0.716,-0.716,-0.716,1.0,-0.716,2019-04-12,2016-12-23,1,3600
-0.7143,-0.7143,-0.7143,-0.7143,1.0,-0.7143,2019-04-15,2016-12-23,1,3600
-0.7149,-0.7149,-0.7149,-0.7149,1.0,-0.7149,2019-04-16,2016-12-23,1,3600
-0.7151,-0.7151,-0.7151,-0.7151,1.0,-0.7151,2019-04-17,2016-12-23,1,3600
-0.7106,-0.7106,-0.7106,-0.7106,1.0,-0.7106,2019-04-18,2016-12-23,1,3600
-0.7102,-0.7102,-0.7102,-0.7102,1.0,-0.7102,2019-04-19,2016-12-23,1,3600
-0.7099,-0.7099,-0.7099,-0.7099,1.0,-0.7099,2019-04-22,2016-12-23,1,3600
-0.7084,-0.7084,-0.7084,-0.7084,1.0,-0.7084,2019-04-23,2016-12-23,1,3600
-0.7046,-0.7046,-0.7046,-0.7046,1.0,-0.7046,2019-04-24,2016-12-23,1,3600
-0.7045,-0.7045,-0.7045,-0.7045,1.0,-0.7045,2019-04-25,2016-12-23,1,3600
-0.7132,-0.7132,-0.7132,-0.7132,1.0,-0.7132,2019-04-26,2016-12-23,1,3600
-0.7054,-0.7054,-0.7054,-0.7054,1.0,-0.7054,2019-04-29,2016-12-23,1,3600
-0.7069,-0.7069,-0.7069,-0.7069,1.0,-0.7069,2019-04-30,2016-12-23,1,3600
-0.7084,-0.7084,-0.7084,-0.7084,1.0,-0.7084,2019-05-01,2016-12-23,1,3600
-0.7087,-0.7087,-0.7087,-0.7087,1.0,-0.7087,2019-05-02,2016-12-23,1,3600
-0.708,-0.708,-0.708,-0.708,1.0,-0.708,2019-05-03,2016-12-23,1,3600
-0.7048,-0.7048,-0.7048,-0.7048,1.0,-0.7048,2019-05-06,2016-12-23,1,3600
-0.7049,-0.7049,-0.7049,-0.7049,1.0,-0.7049,2019-05-07,2016-12-23,1,3600
-0.7063,-0.7063,-0.7063,-0.7063,1.0,-0.7063,2019-05-08,2016-12-23,1,3600
-0.7058,-0.7058,-0.7058,-0.7058,1.0,-0.7058,2019-05-09,2016-12-23,1,3600
-0.7046,-0.7046,-0.7046,-0.7046,1.0,-0.7046,2019-05-10,2016-12-23,1,3600
-0.7027,-0.7027,-0.7027,-0.7027,1.0,-0.7027,2019-05-13,2016-12-23,1,3600
-0.7017,-0.7017,-0.7017,-0.7017,1.0,-0.7017,2019-05-14,2016-12-23,1,3600
-0.701,-0.701,-0.701,-0.701,1.0,-0.701,2019-05-15,2016-12-23,1,3600
-0.7011,-0.7011,-0.7011,-0.7011,1.0,-0.7011,2019-05-16,2016-12-23,1,3600
-0.6987,-0.6987,-0.6987,-0.6987,1.0,-0.6987,2019-05-17,2016-12-23,1,3600
-0.6991,-0.6991,-0.6991,-0.6991,1.0,-0.6991,2019-05-20,2016-12-23,1,3600
-0.6993,-0.6993,-0.6993,-0.6993,1.0,-0.6993,2019-05-21,2016-12-23,1,3600
-0.6975,-0.6975,-0.6975,-0.6975,1.0,-0.6975,2019-05-22,2016-12-23,1,3600
-0.6995,-0.6995,-0.6995,-0.6995,1.0,-0.6995,2019-05-23,2016-12-23,1,3600
-0.6997,-0.6997,-0.6997,-0.6997,1.0,-0.6997,2019-05-24,2016-12-23,1,3600
-0.7,-0.7,-0.7,-0.7,1.0,-0.7,2019-05-27,2016-12-23,1,3600
-0.6995,-0.6995,-0.6995,-0.6995,1.0,-0.6995,2019-05-28,2016-12-23,1,3600
-0.6994,-0.6994,-0.6994,-0.6994,1.0,-0.6994,2019-05-29,2016-12-23,1,3600
-0.6957,-0.6957,-0.6957,-0.6957,1.0,-0.6957,2019-05-30,2016-12-23,1,3600
-0.6942,-0.6942,-0.6942,-0.6942,1.0,-0.6942,2019-05-31,2016-12-23,1,3600
-0.6944,-0.6944,-0.6944,-0.6944,1.0,-0.6944,2019-06-03,2016-12-23,1,3600
-0.6906,-0.6906,-0.6906,-0.6906,1.0,-0.6906,2019-06-04,2016-12-23,1,3600
-0.6917,-0.6917,-0.6917,-0.6917,1.0,-0.6917,2019-06-05,2016-12-23,1,3600
-0.691,-0.691,-0.691,-0.691,1.0,-0.691,2019-06-06,2016-12-23,1,3600
-0.6876,-0.6876,-0.6876,-0.6876,1.0,-0.6876,2019-06-07,2016-12-23,1,3600
-0.6821,-0.6821,-0.6821,-0.6821,1.0,-0.6821,2019-06-10,2016-12-23,1,3600
-0.6763,-0.6763,-0.6763,-0.6763,1.0,-0.6763,2019-06-11,2016-12-23,1,3600
-0.6718,-0.6718,-0.6718,-0.6718,1.0,-0.6718,2019-06-12,2016-12-23,1,3600
-0.6767,-0.6767,-0.6767,-0.6767,1.0,-0.6767,2019-06-13,2016-12-23,1,3600
-0.6792,-0.6792,-0.6792,-0.6792,1.0,-0.6792,2019-06-14,2016-12-23,1,3600
-0.6811,-0.6811,-0.6811,-0.6811,1.0,-0.6811,2019-06-17,2016-12-23,1,3600
-0.6741,-0.6741,-0.6741,-0.6741,1.0,-0.6741,2019-06-18,2016-12-23,1,3600
-0.6753,-0.6753,-0.6753,-0.6753,1.0,-0.6753,2019-06-19,2016-12-23,1,3600
-0.674,-0.674,-0.674,-0.674,1.0,-0.674,2019-06-20,2016-12-23,1,3600
-0.6737,-0.6737,-0.6737,-0.6737,1.0,-0.6737,2019-06-21,2016-12-23,1,3600
-0.6765,-0.6765,-0.6765,-0.6765,1.0,-0.6765,2019-06-24,2016-12-23,1,3600
-0.6737,-0.6737,-0.6737,-0.6737,1.0,-0.6737,2019-06-25,2016-12-23,1,3600
-0.6694,-0.6694,-0.6694,-0.6694,1.0,-0.6694,2019-06-26,2016-12-23,1,3600
-0.6687,-0.6687,-0.6687,-0.6687,1.0,-0.6687,2019-06-27,2016-12-23,1,3600
-0.669,-0.669,-0.669,-0.669,1.0,-0.669,2019-06-28,2016-12-23,1,3600
-0.6649,-0.6649,-0.6649,-0.6649,1.0,-0.6649,2019-07-01,2016-12-23,1,3600
-0.6616,-0.6616,-0.6616,-0.6616,1.0,-0.6616,2019-07-02,2016-12-23,1,3600
-0.6581,-0.6581,-0.6581,-0.6581,1.0,-0.6581,2019-07-03,2016-12-23,1,3600
-0.6644,-0.6644,-0.6644,-0.6644,1.0,-0.6644,2019-07-04,2016-12-23,1,3600
-0.6676,-0.6676,-0.6676,-0.6676,1.0,-0.6676,2019-07-05,2016-12-23,1,3600
-0.6691,-0.6691,-0.6691,-0.6691,1.0,-0.6691,2019-07-08,2016-12-23,1,3600
-0.6688,-0.6688,-0.6688,-0.6688,1.0,-0.6688,2019-07-09,2016-12-23,1,3600
-0.6704,-0.6704,-0.6704,-0.6704,1.0,-0.6704,2019-07-10,2016-12-23,1,3600
-0.6713,-0.6713,-0.6713,-0.6713,1.0,-0.6713,2019-07-11,2016-12-23,1,3600
-0.6758,-0.6758,-0.6758,-0.6758,1.0,-0.6758,2019-07-12,2016-12-23,1,3600
-0.6722,-0.6722,-0.6722,-0.6722,1.0,-0.6722,2019-07-15,2016-12-23,1,3600
-0.6666,-0.6666,-0.6666,-0.6666,1.0,-0.6666,2019-07-16,2016-12-23,1,3600
-0.6607,-0.6607,-0.6607,-0.6607,1.0,-0.6607,2019-07-17,2016-12-23,1,3600
-0.6717,-0.6717,-0.6717,-0.6717,1.0,-0.6717,2019-07-18,2016-12-23,1,3600
-0.6671,-0.6671,-0.6671,-0.6671,1.0,-0.6671,2019-07-19,2016-12-23,1,3600
-0.6683,-0.6683,-0.6683,-0.6683,1.0,-0.6683,2019-07-22,2016-12-23,1,3600
-0.6689,-0.6689,-0.6689,-0.6689,1.0,-0.6689,2019-07-23,2016-12-23,1,3600
-0.6707,-0.6707,-0.6707,-0.6707,1.0,-0.6707,2019-07-24,2016-12-23,1,3600
-0.6721,-0.6721,-0.6721,-0.6721,1.0,-0.6721,2019-07-25,2016-12-23,1,3600
-0.6686,-0.6686,-0.6686,-0.6686,1.0,-0.6686,2019-07-26,2016-12-23,1,3600
-0.6625,-0.6625,-0.6625,-0.6625,1.0,-0.6625,2019-07-29,2016-12-23,1,3600
-0.663,-0.663,-0.663,-0.663,1.0,-0.663,2019-07-30,2016-12-23,1,3600
-0.6591,-0.6591,-0.6591,-0.6591,1.0,-0.6591,2019-07-31,2016-12-23,1,3600
-0.6569,-0.6569,-0.6569,-0.6569,1.0,-0.6569,2019-08-01,2016-12-23,1,3600
-0.6556,-0.6556,-0.6556,-0.6556,1.0,-0.6556,2019-08-02,2016-12-23,1,3600
-0.6531,-0.6531,-0.6531,-0.6531,1.0,-0.6531,2019-08-05,2016-12-23,1,3600
-0.6585,-0.6585,-0.6585,-0.6585,1.0,-0.6585,2019-08-06,2016-12-23,1,3600
-0.6565,-0.6565,-0.6565,-0.6565,1.0,-0.6565,2019-08-07,2016-12-23,1,3600
-0.6547,-0.6547,-0.6547,-0.6547,1.0,-0.6547,2019-08-08,2016-12-23,1,3600
-0.6563,-0.6563,-0.6563,-0.6563,1.0,-0.6563,2019-08-09,2016-12-23,1,3600
-0.6481,-0.6481,-0.6481,-0.6481,1.0,-0.6481,2019-08-12,2016-12-23,1,3600
-0.6487,-0.6487,-0.6487,-0.6487,1.0,-0.6487,2019-08-13,2016-12-23,1,3600
-0.6495,-0.6495,-0.6495,-0.6495,1.0,-0.6495,2019-08-14,2016-12-23,1,3600
-0.645,-0.645,-0.645,-0.645,1.0,-0.645,2019-08-15,2016-12-23,1,3600
-0.6428,-0.6428,-0.6428,-0.6428,1.0,-0.6428,2019-08-16,2016-12-23,1,3600
-0.6402,-0.6402,-0.6402,-0.6402,1.0,-0.6402,2019-08-19,2016-12-23,1,3600
-0.6446,-0.6446,-0.6446,-0.6446,1.0,-0.6446,2019-08-20,2016-12-23,1,3600
-0.6446,-0.6446,-0.6446,-0.6446,1.0,-0.6446,2019-08-21,2016-12-23,1,3600
-0.6448,-0.6448,-0.6448,-0.6448,1.0,-0.6448,2019-08-22,2016-12-23,1,3600
-0.643,-0.643,-0.643,-0.643,1.0,-0.643,2019-08-23,2016-12-23,1,3600
-0.6431,-0.6431,-0.6431,-0.6431,1.0,-0.6431,2019-08-26,2016-12-23,1,3600
-0.6424,-0.6424,-0.6424,-0.6424,1.0,-0.6424,2019-08-27,2016-12-23,1,3600
-0.6348,-0.6348,-0.6348,-0.6348,1.0,-0.6348,2019-08-28,2016-12-23,1,3600
-0.6335,-0.6335,-0.6335,-0.6335,1.0,-0.6335,2019-08-29,2016-12-23,1,3600
-0.6324,-0.6324,-0.6324,-0.6324,1.0,-0.6324,2019-08-30,2016-12-23,1,3600
-0.6278,-0.6278,-0.6278,-0.6278,1.0,-0.6278,2019-09-02,2016-12-23,1,3600
-0.6294,-0.6294,-0.6294,-0.6294,1.0,-0.6294,2019-09-03,2016-12-23,1,3600
-0.6281,-0.6281,-0.6281,-0.6281,1.0,-0.6281,2019-09-04,2016-12-23,1,3600
-0.6262,-0.6262,-0.6262,-0.6262,1.0,-0.6262,2019-09-05,2016-12-23,1,3600
-0.6262,-0.6262,-0.6262,-0.6262,1.0,-0.6262,2019-09-06,2016-12-23,1,3600
-0.6357,-0.6357,-0.6357,-0.6357,1.0,-0.6357,2019-09-09,2016-12-23,1,3600
-0.6308,-0.6308,-0.6308,-0.6308,1.0,-0.6308,2019-09-10,2016-12-23,1,3600
-0.6405,-0.6405,-0.6405,-0.6405,1.0,-0.6405,2019-09-11,2016-12-23,1,3600
-0.6477,-0.6477,-0.6477,-0.6477,1.0,-0.6477,2019-09-12,2016-12-23,1,3600
-0.6405,-0.6405,-0.6405,-0.6405,1.0,-0.6405,2019-09-13,2016-12-23,1,3600
-0.6353,-0.6353,-0.6353,-0.6353,1.0,-0.6353,2019-09-16,2016-12-23,1,3600
-0.6379,-0.6379,-0.6379,-0.6379,1.0,-0.6379,2019-09-17,2016-12-23,1,3600
-0.6445,-0.6445,-0.6445,-0.6445,1.0,-0.6445,2019-09-18,2016-12-23,1,3600
-0.6544,-0.6544,-0.6544,-0.6544,1.0,-0.6544,2019-09-19,2016-12-23,1,3600
-0.6919,-0.6919,-0.6919,-0.6919,1.0,-0.6919,2019-09-20,2016-12-23,1,3600
-0.6638,-0.6638,-0.6638,-0.6638,1.0,-0.6638,2019-09-23,2016-12-23,1,3600
-0.6737,-0.6737,-0.6737,-0.6737,1.0,-0.6737,2019-09-24,2016-12-23,1,3600
-0.6688,-0.6688,-0.6688,-0.6688,1.0,-0.6688,2019-09-25,2016-12-23,1,3600
-0.665,-0.665,-0.665,-0.665,1.0,-0.665,2019-09-26,2016-12-23,1,3600
-0.6606,-0.6606,-0.6606,-0.6606,1.0,-0.6606,2019-09-27,2016-12-23,1,3600
-0.6573,-0.6573,-0.6573,-0.6573,1.0,-0.6573,2019-09-30,2016-12-23,1,3600
-0.6578,-0.6578,-0.6578,-0.6578,1.0,-0.6578,2019-10-01,2016-12-23,1,3600
-0.668,-0.668,-0.668,-0.668,1.0,-0.668,2019-10-02,2016-12-23,1,3600
-0.665,-0.665,-0.665,-0.665,1.0,-0.665,2019-10-03,2016-12-23,1,3600
-0.6687,-0.6687,-0.6687,-0.6687,1.0,-0.6687,2019-10-04,2016-12-23,1,3600
-0.671,-0.671,-0.671,-0.671,1.0,-0.671,2019-10-07,2016-12-23,1,3600
-0.6777,-0.6777,-0.6777,-0.6777,1.0,-0.6777,2019-10-08,2016-12-23,1,3600
-0.6753,-0.6753,-0.6753,-0.6753,1.0,-0.6753,2019-10-09,2016-12-23,1,3600
-0.6669,-0.6669,-0.6669,-0.6669,1.0,-0.6669,2019-10-10,2016-12-23,1,3600
-0.6638,-0.6638,-0.6638,-0.6638,1.0,-0.6638,2019-10-11,2016-12-23,1,3600
-0.6683,-0.6683,-0.6683,-0.6683,1.0,-0.6683,2019-10-14,2016-12-23,1,3600
-0.6655,-0.6655,-0.6655,-0.6655,1.0,-0.6655,2019-10-15,2016-12-23,1,3600
-0.6582,-0.6582,-0.6582,-0.6582,1.0,-0.6582,2019-10-16,2016-12-23,1,3600
-0.6642,-0.6642,-0.6642,-0.6642,1.0,-0.6642,2019-10-17,2016-12-23,1,3600
-0.669,-0.669,-0.669,-0.669,1.0,-0.669,2019-10-18,2016-12-23,1,3600
-0.6689,-0.6689,-0.6689,-0.6689,1.0,-0.6689,2019-10-21,2016-12-23,1,3600
-0.6684,-0.6684,-0.6684,-0.6684,1.0,-0.6684,2019-10-22,2016-12-23,1,3600
-0.6653,-0.6653,-0.6653,-0.6653,1.0,-0.6653,2019-10-23,2016-12-23,1,3600
-0.6611,-0.6611,-0.6611,-0.6611,1.0,-0.6611,2019-10-24,2016-12-23,1,3600
-0.6664,-0.6664,-0.6664,-0.6664,1.0,-0.6664,2019-10-25,2016-12-23,1,3600
-0.662,-0.662,-0.662,-0.662,1.0,-0.662,2019-10-28,2016-12-23,1,3600
-0.6654,-0.6654,-0.6654,-0.6654,1.0,-0.6654,2019-10-29,2016-12-23,1,3600
-0.6575,-0.6575,-0.6575,-0.6575,1.0,-0.6575,2019-10-30,2016-12-23,1,3600
-0.6581,-0.6581,-0.6581,-0.6581,1.0,-0.6581,2019-10-31,2016-12-23,1,3600
-0.6645,-0.6645,-0.6645,-0.6645,1.0,-0.6645,2019-11-01,2016-12-23,1,3600
-0.6727,-0.6727,-0.6727,-0.6727,1.0,-0.6727,2019-11-04,2016-12-23,1,3600
-0.6757,-0.6757,-0.6757,-0.6757,1.0,-0.6757,2019-11-05,2016-12-23,1,3600
-0.6808,-0.6808,-0.6808,-0.6808,1.0,-0.6808,2019-11-06,2016-12-23,1,3600
-0.6807,-0.6807,-0.6807,-0.6807,1.0,-0.6807,2019-11-07,2016-12-23,1,3600
-0.6758,-0.6758,-0.6758,-0.6758,1.0,-0.6758,2019-11-08,2016-12-23,1,3600
-0.6791,-0.6791,-0.6791,-0.6791,1.0,-0.6791,2019-11-11,2016-12-23,1,3600
-0.6877,-0.6877,-0.6877,-0.6877,1.0,-0.6877,2019-11-12,2016-12-23,1,3600
-0.6823,-0.6823,-0.6823,-0.6823,1.0,-0.6823,2019-11-13,2016-12-23,1,3600
-0.6827,-0.6827,-0.6827,-0.6827,1.0,-0.6827,2019-11-14,2016-12-23,1,3600
-0.6857,-0.6857,-0.6857,-0.6857,1.0,-0.6857,2019-11-15,2016-12-23,1,3600
-0.6888,-0.6888,-0.6888,-0.6888,1.0,-0.6888,2019-11-18,2016-12-23,1,3600
-0.6847,-0.6847,-0.6847,-0.6847,1.0,-0.6847,2019-11-19,2016-12-23,1,3600
-0.681,-0.681,-0.681,-0.681,1.0,-0.681,2019-11-20,2016-12-23,1,3600
-0.6753,-0.6753,-0.6753,-0.6753,1.0,-0.6753,2019-11-21,2016-12-23,1,3600
-0.6734,-0.6734,-0.6734,-0.6734,1.0,-0.6734,2019-11-22,2016-12-23,1,3600
-0.6708,-0.6708,-0.6708,-0.6708,1.0,-0.6708,2019-11-25,2016-12-23,1,3600
-0.6702,-0.6702,-0.6702,-0.6702,1.0,-0.6702,2019-11-26,2016-12-23,1,3600
-0.6735,-0.6735,-0.6735,-0.6735,1.0,-0.6735,2019-11-27,2016-12-23,1,3600
-0.6775,-0.6775,-0.6775,-0.6775,1.0,-0.6775,2019-11-28,2016-12-23,1,3600
-0.6776,-0.6776,-0.6776,-0.6776,1.0,-0.6776,2019-11-29,2016-12-23,1,3600
-0.6924,-0.6924,-0.6924,-0.6924,1.0,-0.6924,2019-12-02,2016-12-23,1,3600
-0.6851,-0.6851,-0.6851,-0.6851,1.0,-0.6851,2019-12-03,2016-12-23,1,3600
-0.6788,-0.6788,-0.6788,-0.6788,1.0,-0.6788,2019-12-04,2016-12-23,1,3600
-0.6797,-0.6797,-0.6797,-0.6797,1.0,-0.6797,2019-12-05,2016-12-23,1,3600
-0.6771,-0.6771,-0.6771,-0.6771,1.0,-0.6771,2019-12-06,2016-12-23,1,3600
-0.6749,-0.6749,-0.6749,-0.6749,1.0,-0.6749,2019-12-09,2016-12-23,1,3600
-0.6713,-0.6713,-0.6713,-0.6713,1.0,-0.6713,2019-12-10,2016-12-23,1,3600
-0.6726,-0.6726,-0.6726,-0.6726,1.0,-0.6726,2019-12-11,2016-12-23,1,3600
-0.6715,-0.6715,-0.6715,-0.6715,1.0,-0.6715,2019-12-12,2016-12-23,1,3600
-0.6725,-0.6725,-0.6725,-0.6725,1.0,-0.6725,2019-12-13,2016-12-23,1,3600
-0.6761,-0.6761,-0.6761,-0.6761,1.0,-0.6761,2019-12-16,2016-12-23,1,3600
-0.6706,-0.6706,-0.6706,-0.6706,1.0,-0.6706,2019-12-17,2016-12-23,1,3600
-0.6652,-0.6652,-0.6652,-0.6652,1.0,-0.6652,2019-12-18,2016-12-23,1,3600
-0.6613,-0.6613,-0.6613,-0.6613,1.0,-0.6613,2019-12-19,2016-12-23,1,3600
-0.6573,-0.6573,-0.6573,-0.6573,1.0,-0.6573,2019-12-20,2016-12-23,1,3600
-0.6535,-0.6535,-0.6535,-0.6535,1.0,-0.6535,2019-12-23,2016-12-23,1,3600
-0.651,-0.651,-0.651,-0.651,1.0,-0.651,2019-12-24,2016-12-23,1,3600
-0.6427,-0.6427,-0.6427,-0.6427,1.0,-0.6427,2019-12-25,2016-12-23,1,3600
-0.6476,-0.6476,-0.6476,-0.6476,1.0,-0.6476,2019-12-26,2016-12-23,1,3600
-0.6404,-0.6404,-0.6404,-0.6404,1.0,-0.6404,2019-12-27,2016-12-23,1,3600
-0.6427,-0.6427,-0.6427,-0.6427,1.0,-0.6427,2019-12-30,2016-12-23,1,3600
-0.6377,-0.6377,-0.6377,-0.6377,1.0,-0.6377,2019-12-31,2016-12-23,1,3600
-0.6395,-0.6395,-0.6395,-0.6395,1.0,-0.6395,2020-01-01,2016-12-23,1,3600
-0.6375,-0.6375,-0.6375,-0.6375,1.0,-0.6375,2020-01-02,2016-12-23,1,3600
-0.6339,-0.6339,-0.6339,-0.6339,1.0,-0.6339,2020-01-03,2016-12-23,1,3600
-0.6396,-0.6396,-0.6396,-0.6396,1.0,-0.6396,2020-01-06,2016-12-23,1,3600
-0.633,-0.633,-0.633,-0.633,1.0,-0.633,2020-01-07,2016-12-23,1,3600
-0.6305,-0.6305,-0.6305,-0.6305,1.0,-0.6305,2020-01-08,2016-12-23,1,3600
-0.6264,-0.6264,-0.6264,-0.6264,1.0,-0.6264,2020-01-09,2016-12-23,1,3600
-0.6225,-0.6225,-0.6225,-0.6225,1.0,-0.6225,2020-01-10,2016-12-23,1,3600
-0.6255,-0.6255,-0.6255,-0.6255,1.0,-0.6255,2020-01-13,2016-12-23,1,3600
-0.6187,-0.6187,-0.6187,-0.6187,1.0,-0.6187,2020-01-14,2016-12-23,1,3600
-0.6147,-0.6147,-0.6147,-0.6147,1.0,-0.6147,2020-01-15,2016-12-23,1,3600
-0.6145,-0.6145,-0.6145,-0.6145,1.0,-0.6145,2020-01-16,2016-12-23,1,3600
-0.6248,-0.6248,-0.6248,-0.6248,1.0,-0.6248,2020-01-17,2016-12-23,1,3600
-0.6243,-0.6243,-0.6243,-0.6243,1.0,-0.6243,2020-01-20,2016-12-23,1,3600
-0.6359,-0.6359,-0.6359,-0.6359,1.0,-0.6359,2020-01-21,2016-12-23,1,3600
-0.6334,-0.6334,-0.6334,-0.6334,1.0,-0.6334,2020-01-22,2016-12-23,1,3600
-0.6252,-0.6252,-0.6252,-0.6252,1.0,-0.6252,2020-01-23,2016-12-23,1,3600
-0.6273,-0.6273,-0.6273,-0.6273,1.0,-0.6273,2020-01-24,2016-12-23,1,3600
-0.6224,-0.6224,-0.6224,-0.6224,1.0,-0.6224,2020-01-27,2016-12-23,1,3600
-0.6198,-0.6198,-0.6198,-0.6198,1.0,-0.6198,2020-01-28,2016-12-23,1,3600
-0.6158,-0.6158,-0.6158,-0.6158,1.0,-0.6158,2020-01-29,2016-12-23,1,3600
-0.6142,-0.6142,-0.6142,-0.6142,1.0,-0.6142,2020-01-30,2016-12-23,1,3600
-0.6111,-0.6111,-0.6111,-0.6111,1.0,-0.6111,2020-01-31,2016-12-23,1,3600
-0.6166,-0.6166,-0.6166,-0.6166,1.0,-0.6166,2020-02-03,2016-12-23,1,3600
-0.6105,-0.6105,-0.6105,-0.6105,1.0,-0.6105,2020-02-04,2016-12-23,1,3600
-0.6054,-0.6054,-0.6054,-0.6054,1.0,-0.6054,2020-02-05,2016-12-23,1,3600
-0.6122,-0.6122,-0.6122,-0.6122,1.0,-0.6122,2020-02-06,2016-12-23,1,3600
-0.6078,-0.6078,-0.6078,-0.6078,1.0,-0.6078,2020-02-07,2016-12-23,1,3600
-0.5919,-0.5919,-0.5919,-0.5919,1.0,-0.5919,2020-02-10,2016-12-23,1,3600
-0.5981,-0.5981,-0.5981,-0.5981,1.0,-0.5981,2020-02-11,2016-12-23,1,3600
-0.5921,-0.5921,-0.5921,-0.5921,1.0,-0.5921,2020-02-12,2016-12-23,1,3600
-0.5974,-0.5974,-0.5974,-0.5974,1.0,-0.5974,2020-02-13,2016-12-23,1,3600
-0.5976,-0.5976,-0.5976,-0.5976,1.0,-0.5976,2020-02-14,2016-12-23,1,3600
-0.5917,-0.5917,-0.5917,-0.5917,1.0,-0.5917,2020-02-17,2016-12-23,1,3600
-0.5876,-0.5876,-0.5876,-0.5876,1.0,-0.5876,2020-02-18,2016-12-23,1,3600
-0.5836,-0.5836,-0.5836,-0.5836,1.0,-0.5836,2020-02-19,2016-12-23,1,3600
-0.5828,-0.5828,-0.5828,-0.5828,1.0,-0.5828,2020-02-20,2016-12-23,1,3600
-0.5975,-0.5975,-0.5975,-0.5975,1.0,-0.5975,2020-02-21,2016-12-23,1,3600
-0.6062,-0.6062,-0.6062,-0.6062,1.0,-0.6062,2020-02-24,2016-12-23,1,3600
-0.6011,-0.6011,-0.6011,-0.6011,1.0,-0.6011,2020-02-25,2016-12-23,1,3600
-0.5973,-0.5973,-0.5973,-0.5973,1.0,-0.5973,2020-02-26,2016-12-23,1,3600
-0.5968,-0.5968,-0.5968,-0.5968,1.0,-0.5968,2020-02-27,2016-12-23,1,3600
-0.5855,-0.5855,-0.5855,-0.5855,1.0,-0.5855,2020-02-28,2016-12-23,1,3600
-0.5837,-0.5837,-0.5837,-0.5837,1.0,-0.5837,2020-03-02,2016-12-23,1,3600
-0.5848,-0.5848,-0.5848,-0.5848,1.0,-0.5848,2020-03-03,2016-12-23,1,3600
-0.5786,-0.5786,-0.5786,-0.5786,1.0,-0.5786,2020-03-04,2016-12-23,1,3600
-0.5669,-0.5669,-0.5669,-0.5669,1.0,-0.5669,2020-03-05,2016-12-23,1,3600
-0.561,-0.561,-0.561,-0.561,1.0,-0.561,2020-03-06,2016-12-23,1,3600
-0.5583,-0.5583,-0.5583,-0.5583,1.0,-0.5583,2020-03-09,2016-12-23,1,3600
-0.5743,-0.5743,-0.5743,-0.5743,1.0,-0.5743,2020-03-10,2016-12-23,1,3600
-0.5786,-0.5786,-0.5786,-0.5786,1.0,-0.5786,2020-03-11,2016-12-23,1,3600
-0.5899,-0.5899,-0.5899,-0.5899,1.0,-0.5899,2020-03-12,2016-12-23,1,3600
-0.5921,-0.5921,-0.5921,-0.5921,1.0,-0.5921,2020-03-13,2016-12-23,1,3600
-0.579,-0.579,-0.579,-0.579,1.0,-0.579,2020-03-16,2016-12-23,1,3600
-0.5773,-0.5773,-0.5773,-0.5773,1.0,-0.5773,2020-03-17,2016-12-23,1,3600
-0.5736,-0.5736,-0.5736,-0.5736,1.0,-0.5736,2020-03-18,2016-12-23,1,3600
-0.5754,-0.5754,-0.5754,-0.5754,1.0,-0.5754,2020-03-19,2016-12-23,1,3600
-0.577,-0.577,-0.577,-0.577,1.0,-0.577,2020-03-20,2016-12-23,1,3600
-0.5832,-0.5832,-0.5832,-0.5832,1.0,-0.5832,2020-03-23,2016-12-23,1,3600
-0.5941,-0.5941,-0.5941,-0.5941,1.0,-0.5941,2020-03-24,2016-12-23,1,3600
-0.5781,-0.5781,-0.5781,-0.5781,1.0,-0.5781,2020-03-25,2016-12-23,1,3600
-0.5878,-0.5878,-0.5878,-0.5878,1.0,-0.5878,2020-03-26,2016-12-23,1,3600
-0.5782,-0.5782,-0.5782,-0.5782,1.0,-0.5782,2020-03-27,2016-12-23,1,3600
-0.5834,-0.5834,-0.5834,-0.5834,1.0,-0.5834,2020-03-30,2016-12-23,1,3600
-0.5784,-0.5784,-0.5784,-0.5784,1.0,-0.5784,2020-03-31,2016-12-23,1,3600
-0.5915,-0.5915,-0.5915,-0.5915,1.0,-0.5915,2020-04-01,2016-12-23,1,3600
-0.5906,-0.5906,-0.5906,-0.5906,1.0,-0.5906,2020-04-02,2016-12-23,1,3600
-0.5867,-0.5867,-0.5867,-0.5867,1.0,-0.5867,2020-04-03,2016-12-23,1,3600
-0.5931,-0.5931,-0.5931,-0.5931,1.0,-0.5931,2020-04-06,2016-12-23,1,3600
-0.6025,-0.6025,-0.6025,-0.6025,1.0,-0.6025,2020-04-07,2016-12-23,1,3600
-0.6015,-0.6015,-0.6015,-0.6015,1.0,-0.6015,2020-04-08,2016-12-23,1,3600
-0.6212,-0.6212,-0.6212,-0.6212,1.0,-0.6212,2020-04-09,2016-12-23,1,3600
-0.613,-0.613,-0.613,-0.613,1.0,-0.613,2020-04-10,2016-12-23,1,3600
-0.6065,-0.6065,-0.6065,-0.6065,1.0,-0.6065,2020-04-13,2016-12-23,1,3600
-0.6174,-0.6174,-0.6174,-0.6174,1.0,-0.6174,2020-04-14,2016-12-23,1,3600
-0.6218,-0.6218,-0.6218,-0.6218,1.0,-0.6218,2020-04-15,2016-12-23,1,3600
-0.6172,-0.6172,-0.6172,-0.6172,1.0,-0.6172,2020-04-16,2016-12-23,1,3600
-0.6233,-0.6233,-0.6233,-0.6233,1.0,-0.6233,2020-04-17,2016-12-23,1,3600
-0.6166,-0.6166,-0.6166,-0.6166,1.0,-0.6166,2020-04-20,2016-12-23,1,3600
-0.6128,-0.6128,-0.6128,-0.6128,1.0,-0.6128,2020-04-21,2016-12-23,1,3600
-0.6112,-0.6112,-0.6112,-0.6112,1.0,-0.6112,2020-04-22,2016-12-23,1,3600
-0.6099,-0.6099,-0.6099,-0.6099,1.0,-0.6099,2020-04-23,2016-12-23,1,3600
-0.6152,-0.6152,-0.6152,-0.6152,1.0,-0.6152,2020-04-24,2016-12-23,1,3600
-0.625,-0.625,-0.625,-0.625,1.0,-0.625,2020-04-27,2016-12-23,1,3600
-0.6322,-0.6322,-0.6322,-0.6322,1.0,-0.6322,2020-04-28,2016-12-23,1,3600
-0.6315,-0.6315,-0.6315,-0.6315,1.0,-0.6315,2020-04-29,2016-12-23,1,3600
-0.6203,-0.6203,-0.6203,-0.6203,1.0,-0.6203,2020-04-30,2016-12-23,1,3600
-0.6153,-0.6153,-0.6153,-0.6153,1.0,-0.6153,2020-05-01,2016-12-23,1,3600
-0.6127,-0.6127,-0.6127,-0.6127,1.0,-0.6127,2020-05-04,2016-12-23,1,3600
-0.6131,-0.6131,-0.6131,-0.6131,1.0,-0.6131,2020-05-05,2016-12-23,1,3600
-0.6016,-0.6016,-0.6016,-0.6016,1.0,-0.6016,2020-05-06,2016-12-23,1,3600
-0.5832,-0.5832,-0.5832,-0.5832,1.0,-0.5832,2020-05-07,2016-12-23,1,3600
-0.5708,-0.5708,-0.5708,-0.5708,1.0,-0.5708,2020-05-08,2016-12-23,1,3600
-0.5802,-0.5802,-0.5802,-0.5802,1.0,-0.5802,2020-05-11,2016-12-23,1,3600
-0.5734,-0.5734,-0.5734,-0.5734,1.0,-0.5734,2020-05-12,2016-12-23,1,3600
-0.5725,-0.5725,-0.5725,-0.5725,1.0,-0.5725,2020-05-13,2016-12-23,1,3600
-0.5625,-0.5625,-0.5625,-0.5625,1.0,-0.5625,2020-05-14,2016-12-23,1,3600
-0.5604,-0.5604,-0.5604,-0.5604,1.0,-0.5604,2020-05-15,2016-12-23,1,3600
-0.5652,-0.5652,-0.5652,-0.5652,1.0,-0.5652,2020-05-18,2016-12-23,1,3600
-0.5587,-0.5587,-0.5587,-0.5587,1.0,-0.5587,2020-05-19,2016-12-23,1,3600
-0.5601,-0.5601,-0.5601,-0.5601,1.0,-0.5601,2020-05-20,2016-12-23,1,3600
-0.5473,-0.5473,-0.5473,-0.5473,1.0,-0.5473,2020-05-21,2016-12-23,1,3600
-0.5455,-0.5455,-0.5455,-0.5455,1.0,-0.5455,2020-05-22,2016-12-23,1,3600
-0.5407,-0.5407,-0.5407,-0.5407,1.0,-0.5407,2020-05-25,2016-12-23,1,3600
-0.5278,-0.5278,-0.5278,-0.5278,1.0,-0.5278,2020-05-26,2016-12-23,1,3600
-0.5268,-0.5268,-0.5268,-0.5268,1.0,-0.5268,2020-05-27,2016-12-23,1,3600
-0.512,-0.512,-0.512,-0.512,1.0,-0.512,2020-05-28,2016-12-23,1,3600
-0.5093,-0.5093,-0.5093,-0.5093,1.0,-0.5093,2020-05-29,2016-12-23,1,3600
-0.5047,-0.5047,-0.5047,-0.5047,1.0,-0.5047,2020-06-01,2016-12-23,1,3600
-0.5018,-0.5018,-0.5018,-0.5018,1.0,-0.5018,2020-06-02,2016-12-23,1,3600
-0.5297,-0.5297,-0.5297,-0.5297,1.0,-0.5297,2020-06-03,2016-12-23,1,3600
-0.5288,-0.5288,-0.5288,-0.5288,1.0,-0.5288,2020-06-04,2016-12-23,1,3600
-0.541,-0.541,-0.541,-0.541,1.0,-0.541,2020-06-05,2016-12-23,1,3600
-0.5568,-0.5568,-0.5568,-0.5568,1.0,-0.5568,2020-06-08,2016-12-23,1,3600
-0.5491,-0.5491,-0.5491,-0.5491,1.0,-0.5491,2020-06-09,2016-12-23,1,3600
-0.5606,-0.5606,-0.5606,-0.5606,1.0,-0.5606,2020-06-10,2016-12-23,1,3600
-0.5659,-0.5659,-0.5659,-0.5659,1.0,-0.5659,2020-06-11,2016-12-23,1,3600
-0.5549,-0.5549,-0.5549,-0.5549,1.0,-0.5549,2020-06-12,2016-12-23,1,3600
-0.5783,-0.5783,-0.5783,-0.5783,1.0,-0.5783,2020-06-15,2016-12-23,1,3600
-0.5809,-0.5809,-0.5809,-0.5809,1.0,-0.5809,2020-06-16,2016-12-23,1,3600
-0.6103,-0.6103,-0.6103,-0.6103,1.0,-0.6103,2020-06-17,2016-12-23,1,3600
-0.6148,-0.6148,-0.6148,-0.6148,1.0,-0.6148,2020-06-18,2016-12-23,1,3600
-0.5899,-0.5899,-0.5899,-0.5899,1.0,-0.5899,2020-06-19,2016-12-23,1,3600
-0.5879,-0.5879,-0.5879,-0.5879,1.0,-0.5879,2020-06-22,2016-12-23,1,3600
-0.606,-0.606,-0.606,-0.606,1.0,-0.606,2020-06-23,2016-12-23,1,3600
-0.603,-0.603,-0.603,-0.603,1.0,-0.603,2020-06-24,2016-12-23,1,3600
-0.5987,-0.5987,-0.5987,-0.5987,1.0,-0.5987,2020-06-25,2016-12-23,1,3600
-0.6006,-0.6006,-0.6006,-0.6006,1.0,-0.6006,2020-06-26,2016-12-23,1,3600
-0.6122,-0.6122,-0.6122,-0.6122,1.0,-0.6122,2020-06-29,2016-12-23,1,3600
-0.5962,-0.5962,-0.5962,-0.5962,1.0,-0.5962,2020-06-30,2016-12-23,1,3600
-0.5771,-0.5771,-0.5771,-0.5771,1.0,-0.5771,2020-07-01,2016-12-23,1,3600
-0.5929,-0.5929,-0.5929,-0.5929,1.0,-0.5929,2020-07-02,2016-12-23,1,3600
-0.6003,-0.6003,-0.6003,-0.6003,1.0,-0.6003,2020-07-03,2016-12-23,1,3600
-0.6052,-0.6052,-0.6052,-0.6052,1.0,-0.6052,2020-07-06,2016-12-23,1,3600
-0.6039,-0.6039,-0.6039,-0.6039,1.0,-0.6039,2020-07-07,2016-12-23,1,3600
-0.6151,-0.6151,-0.6151,-0.6151,1.0,-0.6151,2020-07-08,2016-12-23,1,3600
-0.6271,-0.6271,-0.6271,-0.6271,1.0,-0.6271,2020-07-09,2016-12-23,1,3600
-0.6434,-0.6434,-0.6434,-0.6434,1.0,-0.6434,2020-07-10,2016-12-23,1,3600
-0.6555,-0.6555,-0.6555,-0.6555,1.0,-0.6555,2020-07-13,2016-12-23,1,3600
-0.6872,-0.6872,-0.6872,-0.6872,1.0,-0.6872,2020-07-14,2016-12-23,1,3600
-0.6698,-0.6698,-0.6698,-0.6698,1.0,-0.6698,2020-07-15,2016-12-23,1,3600
-0.6738,-0.6738,-0.6738,-0.6738,1.0,-0.6738,2020-07-16,2016-12-23,1,3600
-0.6706,-0.6706,-0.6706,-0.6706,1.0,-0.6706,2020-07-17,2016-12-23,1,3600
-0.6751,-0.6751,-0.6751,-0.6751,1.0,-0.6751,2020-07-20,2016-12-23,1,3600
-0.6523,-0.6523,-0.6523,-0.6523,1.0,-0.6523,2020-07-21,2016-12-23,1,3600
-0.6613,-0.6613,-0.6613,-0.6613,1.0,-0.6613,2020-07-22,2016-12-23,1,3600
-0.6674,-0.6674,-0.6674,-0.6674,1.0,-0.6674,2020-07-23,2016-12-23,1,3600
-0.6518,-0.6518,-0.6518,-0.6518,1.0,-0.6518,2020-07-24,2016-12-23,1,3600
-0.6523,-0.6523,-0.6523,-0.6523,1.0,-0.6523,2020-07-27,2016-12-23,1,3600
-0.6451,-0.6451,-0.6451,-0.6451,1.0,-0.6451,2020-07-28,2016-12-23,1,3600
-0.6557,-0.6557,-0.6557,-0.6557,1.0,-0.6557,2020-07-29,2016-12-23,1,3600
-0.6524,-0.6524,-0.6524,-0.6524,1.0,-0.6524,2020-07-30,2016-12-23,1,3600
-0.6599,-0.6599,-0.6599,-0.6599,1.0,-0.6599,2020-07-31,2016-12-23,1,3600
-0.6423,-0.6423,-0.6423,-0.6423,1.0,-0.6423,2020-08-03,2016-12-23,1,3600
-0.6368,-0.6368,-0.6368,-0.6368,1.0,-0.6368,2020-08-04,2016-12-23,1,3600
-0.6234,-0.6234,-0.6234,-0.6234,1.0,-0.6234,2020-08-05,2016-12-23,1,3600
-0.6387,-0.6387,-0.6387,-0.6387,1.0,-0.6387,2020-08-06,2016-12-23,1,3600
-0.6218,-0.6218,-0.6218,-0.6218,1.0,-0.6218,2020-08-07,2016-12-23,1,3600
-0.626,-0.626,-0.626,-0.626,1.0,-0.626,2020-08-10,2016-12-23,1,3600
-0.6353,-0.6353,-0.6353,-0.6353,1.0,-0.6353,2020-08-11,2016-12-23,1,3600
-0.651,-0.651,-0.651,-0.651,1.0,-0.651,2020-08-12,2016-12-23,1,3600
-0.6651,-0.6651,-0.6651,-0.6651,1.0,-0.6651,2020-08-13,2016-12-23,1,3600
-0.6695,-0.6695,-0.6695,-0.6695,1.0,-0.6695,2020-08-14,2016-12-23,1,3600
-0.6743,-0.6743,-0.6743,-0.6743,1.0,-0.6743,2020-08-17,2016-12-23,1,3600
-0.6881,-0.6881,-0.6881,-0.6881,1.0,-0.6881,2020-08-18,2016-12-23,1,3600
-0.7031,-0.7031,-0.7031,-0.7031,1.0,-0.7031,2020-08-19,2016-12-23,1,3600
-0.6987,-0.6987,-0.6987,-0.6987,1.0,-0.6987,2020-08-20,2016-12-23,1,3600
-0.6833,-0.6833,-0.6833,-0.6833,1.0,-0.6833,2020-08-21,2016-12-23,1,3600
-0.6807,-0.6807,-0.6807,-0.6807,1.0,-0.6807,2020-08-24,2016-12-23,1,3600
-0.6886,-0.6886,-0.6886,-0.6886,1.0,-0.6886,2020-08-25,2016-12-23,1,3600
-0.6805,-0.6805,-0.6805,-0.6805,1.0,-0.6805,2020-08-26,2016-12-23,1,3600
-0.6611,-0.6611,-0.6611,-0.6611,1.0,-0.6611,2020-08-27,2016-12-23,1,3600
-0.6629,-0.6629,-0.6629,-0.6629,1.0,-0.6629,2020-08-28,2016-12-23,1,3600
-0.6514,-0.6514,-0.6514,-0.6514,1.0,-0.6514,2020-08-31,2016-12-23,1,3600
-0.6525,-0.6525,-0.6525,-0.6525,1.0,-0.6525,2020-09-01,2016-12-23,1,3600
-0.6486,-0.6486,-0.6486,-0.6486,1.0,-0.6486,2020-09-02,2016-12-23,1,3600
-0.6406,-0.6406,-0.6406,-0.6406,1.0,-0.6406,2020-09-03,2016-12-23,1,3600
-0.6385,-0.6385,-0.6385,-0.6385,1.0,-0.6385,2020-09-04,2016-12-23,1,3600
-0.6275,-0.6275,-0.6275,-0.6275,1.0,-0.6275,2020-09-07,2016-12-23,1,3600
-0.6373,-0.6373,-0.6373,-0.6373,1.0,-0.6373,2020-09-08,2016-12-23,1,3600
-0.6295,-0.6295,-0.6295,-0.6295,1.0,-0.6295,2020-09-09,2016-12-23,1,3600
-0.618,-0.618,-0.618,-0.618,1.0,-0.618,2020-09-10,2016-12-23,1,3600
-0.6127,-0.6127,-0.6127,-0.6127,1.0,-0.6127,2020-09-11,2016-12-23,1,3600
-0.6073,-0.6073,-0.6073,-0.6073,1.0,-0.6073,2020-09-14,2016-12-23,1,3600
-0.6037,-0.6037,-0.6037,-0.6037,1.0,-0.6037,2020-09-15,2016-12-23,1,3600
-0.6018,-0.6018,-0.6018,-0.6018,1.0,-0.6018,2020-09-16,2016-12-23,1,3600
-0.593,-0.593,-0.593,-0.593,1.0,-0.593,2020-09-17,2016-12-23,1,3600
-0.5835,-0.5835,-0.5835,-0.5835,1.0,-0.5835,2020-09-18,2016-12-23,1,3600
-0.5828,-0.5828,-0.5828,-0.5828,1.0,-0.5828,2020-09-21,2016-12-23,1,3600
-0.57,-0.57,-0.57,-0.57,1.0,-0.57,2020-09-22,2016-12-23,1,3600
-0.5854,-0.5854,-0.5854,-0.5854,1.0,-0.5854,2020-09-23,2016-12-23,1,3600
-0.5894,-0.5894,-0.5894,-0.5894,1.0,-0.5894,2020-09-24,2016-12-23,1,3600
-0.5788,-0.5788,-0.5788,-0.5788,1.0,-0.5788,2020-09-25,2016-12-23,1,3600
-0.5835,-0.5835,-0.5835,-0.5835,1.0,-0.5835,2020-09-28,2016-12-23,1,3600
-0.5745,-0.5745,-0.5745,-0.5745,1.0,-0.5745,2020-09-29,2016-12-23,1,3600
-0.5627,-0.5627,-0.5627,-0.5627,1.0,-0.5627,2020-09-30,2016-12-23,1,3600
-0.5472,-0.5472,-0.5472,-0.5472,1.0,-0.5472,2020-10-01,2016-12-23,1,3600
-0.5461,-0.5461,-0.5461,-0.5461,1.0,-0.5461,2020-10-02,2016-12-23,1,3600
-0.5277,-0.5277,-0.5277,-0.5277,1.0,-0.5277,2020-10-05,2016-12-23,1,3600
-0.5273,-0.5273,-0.5273,-0.5273,1.0,-0.5273,2020-10-06,2016-12-23,1,3600
-0.5154,-0.5154,-0.5154,-0.5154,1.0,-0.5154,2020-10-07,2016-12-23,1,3600
-0.4986,-0.4986,-0.4986,-0.4986,1.0,-0.4986,2020-10-08,2016-12-23,1,3600
-0.5508,-0.5508,-0.5508,-0.5508,1.0,-0.5508,2020-10-09,2016-12-23,1,3600
-0.5148,-0.5148,-0.5148,-0.5148,1.0,-0.5148,2020-10-12,2016-12-23,1,3600
-0.5152,-0.5152,-0.5152,-0.5152,1.0,-0.5152,2020-10-13,2016-12-23,1,3600
-0.5214,-0.5214,-0.5214,-0.5214,1.0,-0.5214,2020-10-14,2016-12-23,1,3600
-0.5068,-0.5068,-0.5068,-0.5068,1.0,-0.5068,2020-10-15,2016-12-23,1,3600
-0.4871,-0.4871,-0.4871,-0.4871,1.0,-0.4871,2020-10-16,2016-12-23,1,3600
-0.4855,-0.4855,-0.4855,-0.4855,1.0,-0.4855,2020-10-19,2016-12-23,1,3600
-0.4814,-0.4814,-0.4814,-0.4814,1.0,-0.4814,2020-10-20,2016-12-23,1,3600
-0.5051,-0.5051,-0.5051,-0.5051,1.0,-0.5051,2020-10-21,2016-12-23,1,3600
-0.5047,-0.5047,-0.5047,-0.5047,1.0,-0.5047,2020-10-22,2016-12-23,1,3600
-0.5211,-0.5211,-0.5211,-0.5211,1.0,-0.5211,2020-10-23,2016-12-23,1,3600
-0.4988,-0.4988,-0.4988,-0.4988,1.0,-0.4988,2020-10-26,2016-12-23,1,3600
-0.5039,-0.5039,-0.5039,-0.5039,1.0,-0.5039,2020-10-27,2016-12-23,1,3600
-0.4775,-0.4775,-0.4775,-0.4775,1.0,-0.4775,2020-10-28,2016-12-23,1,3600
-0.4444,-0.4444,-0.4444,-0.4444,1.0,-0.4444,2020-10-29,2016-12-23,1,3600
-0.4178,-0.4178,-0.4178,-0.4178,1.0,-0.4178,2020-10-30,2016-12-23,1,3600
-0.414,-0.414,-0.414,-0.414,1.0,-0.414,2020-11-02,2016-12-23,1,3600
-0.3972,-0.3972,-0.3972,-0.3972,1.0,-0.3972,2020-11-03,2016-12-23,1,3600
-0.3918,-0.3918,-0.3918,-0.3918,1.0,-0.3918,2020-11-04,2016-12-23,1,3600
-0.387,-0.387,-0.387,-0.387,1.0,-0.387,2020-11-05,2016-12-23,1,3600
-0.3894,-0.3894,-0.3894,-0.3894,1.0,-0.3894,2020-11-06,2016-12-23,1,3600
-0.3987,-0.3987,-0.3987,-0.3987,1.0,-0.3987,2020-11-09,2016-12-23,1,3600
-0.3684,-0.3684,-0.3684,-0.3684,1.0,-0.3684,2020-11-10,2016-12-23,1,3600
-0.3682,-0.3682,-0.3682,-0.3682,1.0,-0.3682,2020-11-11,2016-12-23,1,3600
-0.3005,-0.3005,-0.3005,-0.3005,1.0,-0.3005,2020-11-12,2016-12-23,1,3600
-0.2939,-0.2939,-0.2939,-0.2939,1.0,-0.2939,2020-11-13,2016-12-23,1,3600
-0.2265,-0.2265,-0.2265,-0.2265,1.0,-0.2265,2020-11-16,2016-12-23,1,3600
-0.2164,-0.2164,-0.2164,-0.2164,1.0,-0.2164,2020-11-17,2016-12-23,1,3600
-0.1941,-0.1941,-0.1941,-0.1941,1.0,-0.1941,2020-11-18,2016-12-23,1,3600
-0.3562,-0.3562,-0.3562,-0.3562,1.0,-0.3562,2020-11-19,2016-12-23,1,3600
-0.2525,-0.2525,-0.2525,-0.2525,1.0,-0.2525,2020-11-20,2016-12-23,1,3600
-0.2948,-0.2948,-0.2948,-0.2948,1.0,-0.2948,2020-11-23,2016-12-23,1,3600
-0.1992,-0.1992,-0.1992,-0.1992,1.0,-0.1992,2020-11-24,2016-12-23,1,3600
-0.1358,-0.1358,-0.1358,-0.1358,1.0,-0.1358,2020-11-25,2016-12-23,1,3600
-0.1863,-0.1863,-0.1863,-0.1863,1.0,-0.1863,2020-11-26,2016-12-23,1,3600
